Date,Open,High,Low,Close,Volume,news_count,news_indices
2024-01-02 16:00:00,187.728,188.034,185.994,186.494,0,1,631
2024-01-02 17:00:00,186.464,186.944,185.162,185.878,0,1,630
2024-01-02 18:00:00,185.863,187.338,185.854,186.722,0,6,"624,625,626,627,628,629"
2024-01-02 19:00:00,186.733,187.028,185.82,185.853,0,2,"622,623"
2024-01-02 20:00:00,185.863,185.934,184.732,184.888,0,2,"620,621"
2024-01-02 21:00:00,184.893,184.963,184.002,184.026,0,4,"616,617,618,619"
2024-01-02 22:00:00,184.024,185.438,183.87,185.42,0,5,"611,612,613,614,615"
2024-01-02 23:00:00,,,,,0,0,
2024-01-03 00:00:00,,,,,0,0,
2024-01-03 01:00:00,,,,,0,0,
2024-01-03 02:00:00,,,,,0,0,
2024-01-03 03:00:00,,,,,0,1,610
2024-01-03 04:00:00,,,,,0,0,
2024-01-03 05:00:00,,,,,0,1,609
2024-01-03 06:00:00,,,,,0,1,608
2024-01-03 07:00:00,,,,,0,1,607
2024-01-03 08:00:00,,,,,0,1,606
2024-01-03 09:00:00,,,,,0,0,
2024-01-03 10:00:00,,,,,0,2,"604,605"
2024-01-03 11:00:00,,,,,0,5,"599,600,601,602,603"
2024-01-03 12:00:00,,,,,0,2,"597,598"
2024-01-03 13:00:00,,,,,0,2,"595,596"
2024-01-03 14:00:00,,,,,0,2,"593,594"
2024-01-03 15:00:00,,,,,0,1,592
2024-01-03 16:00:00,185.607,185.847,184.596,184.757,0,1,591
2024-01-03 17:00:00,184.747,185.167,183.436,183.836,0,2,"589,590"
2024-01-03 18:00:00,183.845,184.357,183.477,183.485,0,2,"587,588"
2024-01-03 19:00:00,183.487,184.361,183.416,184.326,0,4,"583,584,585,586"
2024-01-03 20:00:00,184.316,184.537,184.156,184.317,0,0,
2024-01-03 21:00:00,184.347,184.907,183.786,184.627,0,3,"580,581,582"
2024-01-03 22:00:00,184.637,184.696,183.977,184.016,0,1,579
2024-01-03 23:00:00,,,,,0,1,578
2024-01-04 00:00:00,,,,,0,0,
2024-01-04 01:00:00,,,,,0,0,
2024-01-04 02:00:00,,,,,0,0,
2024-01-04 03:00:00,,,,,0,0,
2024-01-04 04:00:00,,,,,0,0,
2024-01-04 05:00:00,,,,,0,0,
2024-01-04 06:00:00,,,,,0,0,
2024-01-04 07:00:00,,,,,0,1,577
2024-01-04 08:00:00,,,,,0,0,
2024-01-04 09:00:00,,,,,0,0,
2024-01-04 10:00:00,,,,,0,1,576
2024-01-04 11:00:00,,,,,0,2,"574,575"
2024-01-04 12:00:00,,,,,0,1,573
2024-01-04 13:00:00,,,,,0,0,
2024-01-04 14:00:00,,,,,0,5,"568,569,570,571,572"
2024-01-04 15:00:00,,,,,0,7,"561,562,563,564,565,566,567"
2024-01-04 16:00:00,182.769,183.069,181.209,181.451,0,4,"557,558,559,560"
2024-01-04 17:00:00,181.479,182.121,180.871,181.461,0,1,556
2024-01-04 18:00:00,181.47,182.429,181.297,181.429,0,2,"554,555"
2024-01-04 19:00:00,181.42,182.379,181.411,182.218,0,3,"551,552,553"
2024-01-04 20:00:00,182.209,183.059,182.158,182.758,0,0,
2024-01-04 21:00:00,182.731,182.949,182.248,182.29,0,1,550
2024-01-04 22:00:00,182.298,182.539,181.531,181.728,0,2,"548,549"
2024-01-04 23:00:00,,,,,0,0,
2024-01-05 00:00:00,,,,,0,1,547
2024-01-05 01:00:00,,,,,0,0,
2024-01-05 02:00:00,,,,,0,0,
2024-01-05 03:00:00,,,,,0,0,
2024-01-05 04:00:00,,,,,0,0,
2024-01-05 05:00:00,,,,,0,1,546
2024-01-05 06:00:00,,,,,0,0,
2024-01-05 07:00:00,,,,,0,1,545
2024-01-05 08:00:00,,,,,0,3,"542,543,544"
2024-01-05 09:00:00,,,,,0,0,
2024-01-05 10:00:00,,,,,0,1,541
2024-01-05 11:00:00,,,,,0,1,540
2024-01-05 12:00:00,,,,,0,2,"538,539"
2024-01-05 13:00:00,,,,,0,1,537
2024-01-05 14:00:00,,,,,0,2,"535,536"
2024-01-05 15:00:00,,,,,0,4,"531,532,533,534"
2024-01-05 16:00:00,182.47,182.731,181.5,181.651,0,3,"528,529,530"
2024-01-05 17:00:00,181.771,182.631,181.71,182.631,0,3,"525,526,527"
2024-01-05 18:00:00,182.66,182.711,181.89,182.08,0,1,524
2024-01-05 19:00:00,182.081,182.196,181.28,181.571,0,1,523
2024-01-05 20:00:00,181.571,182.206,181.19,182.011,0,1,522
2024-01-05 21:00:00,182.011,182.166,180.45,180.461,0,3,"519,520,521"
2024-01-05 22:00:00,180.45,181.106,180.166,181.106,0,0,
2024-01-05 23:00:00,,,,,0,0,
2024-01-06 00:00:00,,,,,0,0,
2024-01-06 01:00:00,,,,,0,0,
2024-01-06 02:00:00,,,,,0,0,
2024-01-06 03:00:00,,,,,0,1,518
2024-01-06 04:00:00,,,,,0,0,
2024-01-06 05:00:00,,,,,0,0,
2024-01-06 06:00:00,,,,,0,0,
2024-01-06 07:00:00,,,,,0,0,
2024-01-06 08:00:00,,,,,0,0,
2024-01-06 09:00:00,,,,,0,2,"516,517"
2024-01-06 10:00:00,,,,,0,0,
2024-01-06 11:00:00,,,,,0,0,
2024-01-06 12:00:00,,,,,0,0,
2024-01-06 13:00:00,,,,,0,2,"514,515"
2024-01-06 14:00:00,,,,,0,0,
2024-01-06 15:00:00,,,,,0,0,
2024-01-06 16:00:00,,,,,0,0,
2024-01-06 17:00:00,,,,,0,0,
2024-01-06 18:00:00,,,,,0,0,
2024-01-06 19:00:00,,,,,0,0,
2024-01-06 20:00:00,,,,,0,0,
2024-01-06 21:00:00,,,,,0,0,
2024-01-06 22:00:00,,,,,0,0,
2024-01-06 23:00:00,,,,,0,0,
2024-01-07 00:00:00,,,,,0,0,
2024-01-07 01:00:00,,,,,0,0,
2024-01-07 02:00:00,,,,,0,0,
2024-01-07 03:00:00,,,,,0,0,
2024-01-07 04:00:00,,,,,0,0,
2024-01-07 05:00:00,,,,,0,0,
2024-01-07 06:00:00,,,,,0,0,
2024-01-07 07:00:00,,,,,0,0,
2024-01-07 08:00:00,,,,,0,0,
2024-01-07 09:00:00,,,,,0,0,
2024-01-07 10:00:00,,,,,0,0,
2024-01-07 11:00:00,,,,,0,0,
2024-01-07 12:00:00,,,,,0,2,"512,513"
2024-01-07 13:00:00,,,,,0,0,
2024-01-07 14:00:00,,,,,0,0,
2024-01-07 15:00:00,,,,,0,0,
2024-01-07 16:00:00,,,,,0,0,
2024-01-07 17:00:00,,,,,0,0,
2024-01-07 18:00:00,,,,,0,1,511
2024-01-07 19:00:00,,,,,0,0,
2024-01-07 20:00:00,,,,,0,1,510
2024-01-07 21:00:00,,,,,0,0,
2024-01-07 22:00:00,,,,,0,0,
2024-01-07 23:00:00,,,,,0,0,
2024-01-08 00:00:00,,,,,0,0,
2024-01-08 01:00:00,,,,,0,0,
2024-01-08 02:00:00,,,,,0,0,
2024-01-08 03:00:00,,,,,0,0,
2024-01-08 04:00:00,,,,,0,1,509
2024-01-08 05:00:00,,,,,0,0,
2024-01-08 06:00:00,,,,,0,0,
2024-01-08 07:00:00,,,,,0,0,
2024-01-08 08:00:00,,,,,0,0,
2024-01-08 09:00:00,,,,,0,1,508
2024-01-08 10:00:00,,,,,0,5,"503,504,505,506,507"
2024-01-08 11:00:00,,,,,0,1,502
2024-01-08 12:00:00,,,,,0,0,
2024-01-08 13:00:00,,,,,0,2,"500,501"
2024-01-08 14:00:00,,,,,0,7,"493,494,495,496,497,498,499"
2024-01-08 15:00:00,,,,,0,2,"491,492"
2024-01-08 16:00:00,181.746,183.488,181.548,183.408,0,2,"489,490"
2024-01-08 17:00:00,183.408,183.868,183.28,183.557,0,1,488
2024-01-08 18:00:00,183.577,183.838,183.2,183.817,0,0,
2024-01-08 19:00:00,183.827,184.558,183.817,184.244,0,3,"485,486,487"
2024-01-08 20:00:00,184.237,184.708,184.006,184.704,0,1,484
2024-01-08 21:00:00,184.708,185.308,184.534,185.168,0,1,483
2024-01-08 22:00:00,185.168,185.428,184.892,185.337,0,1,482
2024-01-08 23:00:00,,,,,0,0,
2024-01-09 00:00:00,,,,,0,0,
2024-01-09 01:00:00,,,,,0,0,
2024-01-09 02:00:00,,,,,0,1,481
2024-01-09 03:00:00,,,,,0,0,
2024-01-09 04:00:00,,,,,0,0,
2024-01-09 05:00:00,,,,,0,0,
2024-01-09 06:00:00,,,,,0,0,
2024-01-09 07:00:00,,,,,0,1,480
2024-01-09 08:00:00,,,,,0,0,
2024-01-09 09:00:00,,,,,0,0,
2024-01-09 10:00:00,,,,,0,2,"478,479"
2024-01-09 11:00:00,,,,,0,2,"476,477"
2024-01-09 12:00:00,,,,,0,1,475
2024-01-09 13:00:00,,,,,0,1,474
2024-01-09 14:00:00,,,,,0,0,
2024-01-09 15:00:00,,,,,0,1,473
2024-01-09 16:00:00,183.831,183.913,182.716,183.243,0,1,472
2024-01-09 17:00:00,183.25,183.96,182.951,183.463,0,1,471
2024-01-09 18:00:00,183.463,184.773,183.463,184.773,0,1,470
2024-01-09 19:00:00,184.771,184.792,184.353,184.693,0,0,
2024-01-09 20:00:00,184.691,184.9,184.013,184.451,0,0,
2024-01-09 21:00:00,184.451,184.662,184.201,184.6,0,1,469
2024-01-09 22:00:00,184.593,184.982,184.391,184.951,0,1,468
2024-01-09 23:00:00,,,,,0,0,
2024-01-10 00:00:00,,,,,0,0,
2024-01-10 01:00:00,,,,,0,1,467
2024-01-10 02:00:00,,,,,0,1,466
2024-01-10 03:00:00,,,,,0,0,
2024-01-10 04:00:00,,,,,0,1,465
2024-01-10 05:00:00,,,,,0,0,
2024-01-10 06:00:00,,,,,0,1,464
2024-01-10 07:00:00,,,,,0,0,
2024-01-10 08:00:00,,,,,0,1,463
2024-01-10 09:00:00,,,,,0,1,462
2024-01-10 10:00:00,,,,,0,0,
2024-01-10 11:00:00,,,,,0,0,
2024-01-10 12:00:00,,,,,0,0,
2024-01-10 13:00:00,,,,,0,0,
2024-01-10 14:00:00,,,,,0,1,461
2024-01-10 15:00:00,,,,,0,1,460
2024-01-10 16:00:00,184.684,184.835,183.944,184.244,0,1,459
2024-01-10 17:00:00,184.255,184.785,183.903,184.734,0,3,"456,457,458"
2024-01-10 18:00:00,184.749,184.995,184.033,184.257,0,3,"453,454,455"
2024-01-10 19:00:00,184.264,184.385,184.069,184.303,0,3,"450,451,452"
2024-01-10 20:00:00,184.305,184.835,184.114,184.775,0,1,449
2024-01-10 21:00:00,184.764,186.115,184.754,186.089,0,1,448
2024-01-10 22:00:00,186.094,186.385,185.263,185.843,0,1,447
2024-01-10 23:00:00,,,,,0,0,
2024-01-11 00:00:00,,,,,0,1,446
2024-01-11 01:00:00,,,,,0,0,
2024-01-11 02:00:00,,,,,0,0,
2024-01-11 03:00:00,,,,,0,0,
2024-01-11 04:00:00,,,,,0,0,
2024-01-11 05:00:00,,,,,0,0,
2024-01-11 06:00:00,,,,,0,0,
2024-01-11 07:00:00,,,,,0,0,
2024-01-11 08:00:00,,,,,0,0,
2024-01-11 09:00:00,,,,,0,1,445
2024-01-11 10:00:00,,,,,0,0,
2024-01-11 11:00:00,,,,,0,1,444
2024-01-11 12:00:00,,,,,0,1,443
2024-01-11 13:00:00,,,,,0,0,
2024-01-11 14:00:00,,,,,0,3,"440,441,442"
2024-01-11 15:00:00,,,,,0,4,"436,437,438,439"
2024-01-11 16:00:00,186.733,186.758,184.582,184.713,0,2,"434,435"
2024-01-11 17:00:00,184.743,184.858,183.615,184.668,0,1,433
2024-01-11 18:00:00,184.673,184.843,183.812,183.934,0,1,432
2024-01-11 19:00:00,183.913,184.568,183.902,184.318,0,2,"430,431"
2024-01-11 20:00:00,184.308,185.158,184.253,185.143,0,0,
2024-01-11 21:00:00,185.136,185.693,184.983,185.516,0,5,"425,426,427,428,429"
2024-01-11 22:00:00,185.538,185.628,184.732,185.602,0,1,424
2024-01-11 23:00:00,,,,,0,0,
2024-01-12 00:00:00,,,,,0,0,
2024-01-12 01:00:00,,,,,0,0,
2024-01-12 02:00:00,,,,,0,0,
2024-01-12 03:00:00,,,,,0,0,
2024-01-12 04:00:00,,,,,0,0,
2024-01-12 05:00:00,,,,,0,2,"422,423"
2024-01-12 06:00:00,,,,,0,2,"420,421"
2024-01-12 07:00:00,,,,,0,0,
2024-01-12 08:00:00,,,,,0,2,"418,419"
2024-01-12 09:00:00,,,,,0,0,
2024-01-12 10:00:00,,,,,0,2,"416,417"
2024-01-12 11:00:00,,,,,0,2,"414,415"
2024-01-12 12:00:00,,,,,0,1,413
2024-01-12 13:00:00,,,,,0,1,412
2024-01-12 14:00:00,,,,,0,2,"410,411"
2024-01-12 15:00:00,,,,,0,1,409
2024-01-12 16:00:00,186.428,186.519,185.728,185.729,0,1,408
2024-01-12 17:00:00,185.758,186.288,185.169,185.678,0,0,
2024-01-12 18:00:00,185.678,186.048,185.369,185.558,0,1,407
2024-01-12 19:00:00,185.558,185.838,185.411,185.608,0,0,
2024-01-12 20:00:00,185.618,185.914,185.567,185.877,0,2,"405,406"
2024-01-12 21:00:00,185.868,186.058,185.243,185.298,0,2,"403,404"
2024-01-12 22:00:00,185.289,185.858,185.208,185.848,0,2,"401,402"
2024-01-12 23:00:00,,,,,0,2,"399,400"
2024-01-13 00:00:00,,,,,0,0,
2024-01-13 01:00:00,,,,,0,0,
2024-01-13 02:00:00,,,,,0,0,
2024-01-13 03:00:00,,,,,0,0,
2024-01-13 04:00:00,,,,,0,0,
2024-01-13 05:00:00,,,,,0,0,
2024-01-13 06:00:00,,,,,0,0,
2024-01-13 07:00:00,,,,,0,0,
2024-01-13 08:00:00,,,,,0,0,
2024-01-13 09:00:00,,,,,0,0,
2024-01-13 10:00:00,,,,,0,0,
2024-01-13 11:00:00,,,,,0,1,398
2024-01-13 12:00:00,,,,,0,1,397
2024-01-13 13:00:00,,,,,0,0,
2024-01-13 14:00:00,,,,,0,0,
2024-01-13 15:00:00,,,,,0,0,
2024-01-13 16:00:00,,,,,0,0,
2024-01-13 17:00:00,,,,,0,0,
2024-01-13 18:00:00,,,,,0,0,
2024-01-13 19:00:00,,,,,0,0,
2024-01-13 20:00:00,,,,,0,0,
2024-01-13 21:00:00,,,,,0,0,
2024-01-13 22:00:00,,,,,0,0,
2024-01-13 23:00:00,,,,,0,0,
2024-01-14 00:00:00,,,,,0,0,
2024-01-14 01:00:00,,,,,0,0,
2024-01-14 02:00:00,,,,,0,0,
2024-01-14 03:00:00,,,,,0,0,
2024-01-14 04:00:00,,,,,0,1,396
2024-01-14 05:00:00,,,,,0,0,
2024-01-14 06:00:00,,,,,0,0,
2024-01-14 07:00:00,,,,,0,0,
2024-01-14 08:00:00,,,,,0,0,
2024-01-14 09:00:00,,,,,0,0,
2024-01-14 10:00:00,,,,,0,0,
2024-01-14 11:00:00,,,,,0,0,
2024-01-14 12:00:00,,,,,0,1,395
2024-01-14 13:00:00,,,,,0,2,"393,394"
2024-01-14 14:00:00,,,,,0,1,392
2024-01-14 15:00:00,,,,,0,0,
2024-01-14 16:00:00,,,,,0,1,391
2024-01-14 17:00:00,,,,,0,0,
2024-01-14 18:00:00,,,,,0,0,
2024-01-14 19:00:00,,,,,0,0,
2024-01-14 20:00:00,,,,,0,0,
2024-01-14 21:00:00,,,,,0,0,
2024-01-14 22:00:00,,,,,0,0,
2024-01-14 23:00:00,,,,,0,0,
2024-01-15 00:00:00,,,,,0,0,
2024-01-15 01:00:00,,,,,0,0,
2024-01-15 02:00:00,,,,,0,0,
2024-01-15 03:00:00,,,,,0,0,
2024-01-15 04:00:00,,,,,0,0,
2024-01-15 05:00:00,,,,,0,0,
2024-01-15 06:00:00,,,,,0,1,390
2024-01-15 07:00:00,,,,,0,0,
2024-01-15 08:00:00,,,,,0,2,"388,389"
2024-01-15 09:00:00,,,,,0,0,
2024-01-15 10:00:00,,,,,0,3,"385,386,387"
2024-01-15 11:00:00,,,,,0,2,"383,384"
2024-01-15 12:00:00,,,,,0,2,"381,382"
2024-01-15 13:00:00,,,,,0,1,380
2024-01-15 14:00:00,,,,,0,2,"378,379"
2024-01-15 15:00:00,,,,,0,3,"375,376,377"
2024-01-15 16:00:00,,,,,0,1,374
2024-01-15 17:00:00,,,,,0,3,"371,372,373"
2024-01-15 18:00:00,,,,,0,1,370
2024-01-15 19:00:00,,,,,0,0,
2024-01-15 20:00:00,,,,,0,3,"367,368,369"
2024-01-15 21:00:00,,,,,0,0,
2024-01-15 22:00:00,,,,,0,1,366
2024-01-15 23:00:00,,,,,0,0,
2024-01-16 00:00:00,,,,,0,0,
2024-01-16 01:00:00,,,,,0,0,
2024-01-16 02:00:00,,,,,0,0,
2024-01-16 03:00:00,,,,,0,0,
2024-01-16 04:00:00,,,,,0,0,
2024-01-16 05:00:00,,,,,0,0,
2024-01-16 06:00:00,,,,,0,0,
2024-01-16 07:00:00,,,,,0,1,365
2024-01-16 08:00:00,,,,,0,0,
2024-01-16 09:00:00,,,,,0,3,"362,363,364"
2024-01-16 10:00:00,,,,,0,1,361
2024-01-16 11:00:00,,,,,0,2,"359,360"
2024-01-16 12:00:00,,,,,0,3,"356,357,358"
2024-01-16 13:00:00,,,,,0,4,"352,353,354,355"
2024-01-16 14:00:00,,,,,0,6,"346,347,348,349,350,351"
2024-01-16 15:00:00,,,,,0,3,"343,344,345"
2024-01-16 16:00:00,182.051,182.611,180.911,181.321,0,1,342
2024-01-16 17:00:00,181.32,183.878,181.021,183.768,0,3,"339,340,341"
2024-01-16 18:00:00,183.797,184.228,182.751,182.891,0,3,"336,337,338"
2024-01-16 19:00:00,182.861,182.938,182.201,182.238,0,1,335
2024-01-16 20:00:00,182.241,182.928,182.21,182.378,0,1,334
2024-01-16 21:00:00,182.378,182.928,182.121,182.881,0,5,"329,330,331,332,333"
2024-01-16 22:00:00,182.871,183.538,182.811,183.538,0,1,328
2024-01-16 23:00:00,,,,,0,2,"326,327"
2024-01-17 00:00:00,,,,,0,0,
2024-01-17 01:00:00,,,,,0,1,325
2024-01-17 02:00:00,,,,,0,1,324
2024-01-17 03:00:00,,,,,0,0,
2024-01-17 04:00:00,,,,,0,0,
2024-01-17 05:00:00,,,,,0,1,323
2024-01-17 06:00:00,,,,,0,0,
2024-01-17 07:00:00,,,,,0,0,
2024-01-17 08:00:00,,,,,0,0,
2024-01-17 09:00:00,,,,,0,2,"321,322"
2024-01-17 10:00:00,,,,,0,0,
2024-01-17 11:00:00,,,,,0,1,320
2024-01-17 12:00:00,,,,,0,3,"317,318,319"
2024-01-17 13:00:00,,,,,0,0,
2024-01-17 14:00:00,,,,,0,2,"315,316"
2024-01-17 15:00:00,,,,,0,5,"310,311,312,313,314"
2024-01-17 16:00:00,180.639,181.464,180.274,181.204,0,2,"308,309"
2024-01-17 17:00:00,181.204,181.829,181.164,181.474,0,1,307
2024-01-17 18:00:00,181.479,182.046,181.469,181.721,0,5,"302,303,304,305,306"
2024-01-17 19:00:00,181.746,182.304,181.724,182.221,0,6,"296,297,298,299,300,301"
2024-01-17 20:00:00,182.214,182.514,181.364,182.064,0,5,"291,292,293,294,295"
2024-01-17 21:00:00,182.069,182.661,181.984,182.181,0,3,"288,289,290"
2024-01-17 22:00:00,182.173,182.909,182.024,182.769,0,1,287
2024-01-17 23:00:00,,,,,0,2,"285,286"
2024-01-18 00:00:00,,,,,0,1,284
2024-01-18 01:00:00,,,,,0,2,"282,283"
2024-01-18 02:00:00,,,,,0,0,
2024-01-18 03:00:00,,,,,0,0,
2024-01-18 04:00:00,,,,,0,0,
2024-01-18 05:00:00,,,,,0,0,
2024-01-18 06:00:00,,,,,0,1,281
2024-01-18 07:00:00,,,,,0,1,280
2024-01-18 08:00:00,,,,,0,1,279
2024-01-18 09:00:00,,,,,0,2,"277,278"
2024-01-18 10:00:00,,,,,0,1,276
2024-01-18 11:00:00,,,,,0,3,"273,274,275"
2024-01-18 12:00:00,,,,,0,4,"269,270,271,272"
2024-01-18 13:00:00,,,,,0,0,
2024-01-18 14:00:00,,,,,0,4,"265,266,267,268"
2024-01-18 15:00:00,,,,,0,3,"262,263,264"
2024-01-18 16:00:00,186.781,187.639,186.303,187.351,0,2,"260,261"
2024-01-18 17:00:00,187.344,188.149,186.581,188.079,0,2,"258,259"
2024-01-18 18:00:00,188.079,188.769,187.551,188.464,0,1,257
2024-01-18 19:00:00,188.461,188.519,187.487,187.831,0,3,"254,255,256"
2024-01-18 20:00:00,187.844,188.259,186.735,188.145,0,0,
2024-01-18 21:00:00,188.158,189.123,188.158,188.969,0,1,253
2024-01-18 22:00:00,188.964,189.119,188.505,188.564,0,3,"250,251,252"
2024-01-18 23:00:00,,,,,0,1,249
2024-01-19 00:00:00,,,,,0,0,
2024-01-19 01:00:00,,,,,0,1,248
2024-01-19 02:00:00,,,,,0,0,
2024-01-19 03:00:00,,,,,0,0,
2024-01-19 04:00:00,,,,,0,0,
2024-01-19 05:00:00,,,,,0,2,"246,247"
2024-01-19 06:00:00,,,,,0,0,
2024-01-19 07:00:00,,,,,0,0,
2024-01-19 08:00:00,,,,,0,0,
2024-01-19 09:00:00,,,,,0,1,245
2024-01-19 10:00:00,,,,,0,2,"243,244"
2024-01-19 11:00:00,,,,,0,4,"239,240,241,242"
2024-01-19 12:00:00,,,,,0,2,"237,238"
2024-01-19 13:00:00,,,,,0,2,"235,236"
2024-01-19 14:00:00,,,,,0,3,"232,233,234"
2024-01-19 15:00:00,,,,,0,2,"230,231"
2024-01-19 16:00:00,189.111,189.869,188.801,189.551,0,1,229
2024-01-19 17:00:00,189.571,190.109,188.891,189.753,0,1,228
2024-01-19 18:00:00,189.759,190.049,189.311,189.951,0,1,227
2024-01-19 19:00:00,189.951,190.619,189.883,190.543,0,0,
2024-01-19 20:00:00,190.547,191.439,190.491,191.409,0,1,226
2024-01-19 21:00:00,191.409,191.939,191.147,191.631,0,1,225
2024-01-19 22:00:00,191.639,191.749,191.301,191.621,0,0,
2024-01-19 23:00:00,,,,,0,1,224
2024-01-20 00:00:00,,,,,0,0,
2024-01-20 01:00:00,,,,,0,0,
2024-01-20 02:00:00,,,,,0,0,
2024-01-20 03:00:00,,,,,0,0,
2024-01-20 04:00:00,,,,,0,0,
2024-01-20 05:00:00,,,,,0,0,
2024-01-20 06:00:00,,,,,0,0,
2024-01-20 07:00:00,,,,,0,1,223
2024-01-20 08:00:00,,,,,0,0,
2024-01-20 09:00:00,,,,,0,0,
2024-01-20 10:00:00,,,,,0,0,
2024-01-20 11:00:00,,,,,0,0,
2024-01-20 12:00:00,,,,,0,0,
2024-01-20 13:00:00,,,,,0,1,222
2024-01-20 14:00:00,,,,,0,0,
2024-01-20 15:00:00,,,,,0,1,221
2024-01-20 16:00:00,,,,,0,3,"218,219,220"
2024-01-20 17:00:00,,,,,0,0,
2024-01-20 18:00:00,,,,,0,0,
2024-01-20 19:00:00,,,,,0,1,217
2024-01-20 20:00:00,,,,,0,1,216
2024-01-20 21:00:00,,,,,0,0,
2024-01-20 22:00:00,,,,,0,2,"214,215"
2024-01-20 23:00:00,,,,,0,0,
2024-01-21 00:00:00,,,,,0,0,
2024-01-21 01:00:00,,,,,0,0,
2024-01-21 02:00:00,,,,,0,0,
2024-01-21 03:00:00,,,,,0,0,
2024-01-21 04:00:00,,,,,0,0,
2024-01-21 05:00:00,,,,,0,0,
2024-01-21 06:00:00,,,,,0,0,
2024-01-21 07:00:00,,,,,0,1,213
2024-01-21 08:00:00,,,,,0,0,
2024-01-21 09:00:00,,,,,0,0,
2024-01-21 10:00:00,,,,,0,0,
2024-01-21 11:00:00,,,,,0,2,"211,212"
2024-01-21 12:00:00,,,,,0,0,
2024-01-21 13:00:00,,,,,0,1,210
2024-01-21 14:00:00,,,,,0,0,
2024-01-21 15:00:00,,,,,0,1,209
2024-01-21 16:00:00,,,,,0,0,
2024-01-21 17:00:00,,,,,0,2,"207,208"
2024-01-21 18:00:00,,,,,0,0,
2024-01-21 19:00:00,,,,,0,0,
2024-01-21 20:00:00,,,,,0,0,
2024-01-21 21:00:00,,,,,0,0,
2024-01-21 22:00:00,,,,,0,0,
2024-01-21 23:00:00,,,,,0,0,
2024-01-22 00:00:00,,,,,0,0,
2024-01-22 01:00:00,,,,,0,0,
2024-01-22 02:00:00,,,,,0,0,
2024-01-22 03:00:00,,,,,0,0,
2024-01-22 04:00:00,,,,,0,0,
2024-01-22 05:00:00,,,,,0,0,
2024-01-22 06:00:00,,,,,0,1,206
2024-01-22 07:00:00,,,,,0,0,
2024-01-22 08:00:00,,,,,0,0,
2024-01-22 09:00:00,,,,,0,0,
2024-01-22 10:00:00,,,,,0,2,"204,205"
2024-01-22 11:00:00,,,,,0,0,
2024-01-22 12:00:00,,,,,0,1,203
2024-01-22 13:00:00,,,,,0,1,202
2024-01-22 14:00:00,,,,,0,2,"200,201"
2024-01-22 15:00:00,,,,,0,2,"198,199"
2024-01-22 16:00:00,193.798,194.707,193.627,194.439,0,0,
2024-01-22 17:00:00,194.438,195.307,193.318,193.437,0,1,197
2024-01-22 18:00:00,193.437,193.979,193.167,193.679,0,1,196
2024-01-22 19:00:00,193.689,194.057,193.018,193.917,0,1,195
2024-01-22 20:00:00,193.917,194.479,193.658,194.479,0,0,
2024-01-22 21:00:00,194.475,194.559,193.924,194.067,0,5,"190,191,192,193,194"
2024-01-22 22:00:00,194.069,194.097,193.447,193.619,0,1,189
2024-01-22 23:00:00,,,,,0,1,188
2024-01-23 00:00:00,,,,,0,0,
2024-01-23 01:00:00,,,,,0,0,
2024-01-23 02:00:00,,,,,0,0,
2024-01-23 03:00:00,,,,,0,0,
2024-01-23 04:00:00,,,,,0,0,
2024-01-23 05:00:00,,,,,0,0,
2024-01-23 06:00:00,,,,,0,0,
2024-01-23 07:00:00,,,,,0,0,
2024-01-23 08:00:00,,,,,0,0,
2024-01-23 09:00:00,,,,,0,1,187
2024-01-23 10:00:00,,,,,0,0,
2024-01-23 11:00:00,,,,,0,1,186
2024-01-23 12:00:00,,,,,0,0,
2024-01-23 13:00:00,,,,,0,5,"181,182,183,184,185"
2024-01-23 14:00:00,,,,,0,1,180
2024-01-23 15:00:00,,,,,0,1,179
2024-01-23 16:00:00,195.032,195.352,194.63,194.782,0,0,
2024-01-23 17:00:00,194.78,194.832,193.8,194.27,0,2,"177,178"
2024-01-23 18:00:00,194.266,194.702,194.16,194.612,0,2,"175,176"
2024-01-23 19:00:00,194.61,195.192,194.47,195.116,0,0,
2024-01-23 20:00:00,195.122,195.206,194.73,194.786,0,0,
2024-01-23 21:00:00,194.786,195.022,194.55,194.932,0,1,174
2024-01-23 22:00:00,194.942,195.102,194.634,194.954,0,1,173
2024-01-23 23:00:00,,,,,0,1,172
2024-01-24 00:00:00,,,,,0,0,
2024-01-24 01:00:00,,,,,0,0,
2024-01-24 02:00:00,,,,,0,0,
2024-01-24 03:00:00,,,,,0,0,
2024-01-24 04:00:00,,,,,0,0,
2024-01-24 05:00:00,,,,,0,0,
2024-01-24 06:00:00,,,,,0,0,
2024-01-24 07:00:00,,,,,0,0,
2024-01-24 08:00:00,,,,,0,0,
2024-01-24 09:00:00,,,,,0,1,171
2024-01-24 10:00:00,,,,,0,0,
2024-01-24 11:00:00,,,,,0,2,"169,170"
2024-01-24 12:00:00,,,,,0,0,
2024-01-24 13:00:00,,,,,0,3,"166,167,168"
2024-01-24 14:00:00,,,,,0,2,"164,165"
2024-01-24 15:00:00,,,,,0,1,163
2024-01-24 16:00:00,195.841,196.031,194.891,195.042,0,2,"161,162"
2024-01-24 17:00:00,195.051,196.312,194.651,195.892,0,0,
2024-01-24 18:00:00,195.892,195.961,195.257,195.842,0,1,160
2024-01-24 19:00:00,195.848,196.064,195.492,195.729,0,0,
2024-01-24 20:00:00,195.728,195.728,195.122,195.262,0,4,"156,157,158,159"
2024-01-24 21:00:00,195.271,195.374,194.674,194.887,0,1,155
2024-01-24 22:00:00,194.894,195.121,194.371,194.484,0,1,154
2024-01-24 23:00:00,,,,,0,0,
2024-01-25 00:00:00,,,,,0,0,
2024-01-25 01:00:00,,,,,0,0,
2024-01-25 02:00:00,,,,,0,0,
2024-01-25 03:00:00,,,,,0,0,
2024-01-25 04:00:00,,,,,0,1,153
2024-01-25 05:00:00,,,,,0,0,
2024-01-25 06:00:00,,,,,0,1,152
2024-01-25 07:00:00,,,,,0,1,151
2024-01-25 08:00:00,,,,,0,0,
2024-01-25 09:00:00,,,,,0,2,"149,150"
2024-01-25 10:00:00,,,,,0,1,148
2024-01-25 11:00:00,,,,,0,2,"146,147"
2024-01-25 12:00:00,,,,,0,1,145
2024-01-25 13:00:00,,,,,0,4,"141,142,143,144"
2024-01-25 14:00:00,,,,,0,1,140
2024-01-25 15:00:00,,,,,0,2,"138,139"
2024-01-25 16:00:00,195.334,195.434,194.684,194.81,0,1,137
2024-01-25 17:00:00,194.804,195.614,194.617,195.46,0,0,
2024-01-25 18:00:00,195.472,196.254,195.147,195.944,0,5,"132,133,134,135,136"
2024-01-25 19:00:00,195.944,196.043,195.51,195.794,0,2,"130,131"
2024-01-25 20:00:00,195.794,195.944,194.037,194.11,0,2,"128,129"
2024-01-25 21:00:00,194.107,194.107,193.094,193.527,0,0,
2024-01-25 22:00:00,193.52,194.29,193.435,193.844,0,2,"126,127"
2024-01-25 23:00:00,,,,,0,1,125
2024-01-26 00:00:00,,,,,0,0,
2024-01-26 01:00:00,,,,,0,2,"123,124"
2024-01-26 02:00:00,,,,,0,1,122
2024-01-26 03:00:00,,,,,0,0,
2024-01-26 04:00:00,,,,,0,0,
2024-01-26 05:00:00,,,,,0,1,121
2024-01-26 06:00:00,,,,,0,1,120
2024-01-26 07:00:00,,,,,0,0,
2024-01-26 08:00:00,,,,,0,0,
2024-01-26 09:00:00,,,,,0,0,
2024-01-26 10:00:00,,,,,0,4,"116,117,118,119"
2024-01-26 11:00:00,,,,,0,2,"114,115"
2024-01-26 12:00:00,,,,,0,1,113
2024-01-26 13:00:00,,,,,0,1,112
2024-01-26 14:00:00,,,,,0,2,"110,111"
2024-01-26 15:00:00,,,,,0,4,"106,107,108,109"
2024-01-26 16:00:00,194.201,194.611,193.741,194.609,0,1,105
2024-01-26 17:00:00,194.601,194.731,194.18,194.51,0,0,
2024-01-26 18:00:00,194.51,194.551,193.891,194.021,0,0,
2024-01-26 19:00:00,194.019,194.059,192.441,192.441,0,1,104
2024-01-26 20:00:00,192.419,192.739,192.251,192.431,0,3,"101,102,103"
2024-01-26 21:00:00,192.431,192.957,192.321,192.901,0,2,"99,100"
2024-01-26 22:00:00,192.891,192.951,191.924,192.14,0,1,98
2024-01-26 23:00:00,,,,,0,2,"96,97"
2024-01-27 00:00:00,,,,,0,0,
2024-01-27 01:00:00,,,,,0,1,95
2024-01-27 02:00:00,,,,,0,1,94
2024-01-27 03:00:00,,,,,0,0,
2024-01-27 04:00:00,,,,,0,0,
2024-01-27 05:00:00,,,,,0,0,
2024-01-27 06:00:00,,,,,0,1,93
2024-01-27 07:00:00,,,,,0,0,
2024-01-27 08:00:00,,,,,0,2,"91,92"
2024-01-27 09:00:00,,,,,0,1,90
2024-01-27 10:00:00,,,,,0,0,
2024-01-27 11:00:00,,,,,0,1,89
2024-01-27 12:00:00,,,,,0,1,88
2024-01-27 13:00:00,,,,,0,1,87
2024-01-27 14:00:00,,,,,0,0,
2024-01-27 15:00:00,,,,,0,0,
2024-01-27 16:00:00,,,,,0,1,86
2024-01-27 17:00:00,,,,,0,0,
2024-01-27 18:00:00,,,,,0,0,
2024-01-27 19:00:00,,,,,0,0,
2024-01-27 20:00:00,,,,,0,0,
2024-01-27 21:00:00,,,,,0,0,
2024-01-27 22:00:00,,,,,0,0,
2024-01-27 23:00:00,,,,,0,0,
2024-01-28 00:00:00,,,,,0,1,85
2024-01-28 01:00:00,,,,,0,0,
2024-01-28 02:00:00,,,,,0,0,
2024-01-28 03:00:00,,,,,0,1,84
2024-01-28 04:00:00,,,,,0,1,83
2024-01-28 05:00:00,,,,,0,1,82
2024-01-28 06:00:00,,,,,0,0,
2024-01-28 07:00:00,,,,,0,0,
2024-01-28 08:00:00,,,,,0,0,
2024-01-28 09:00:00,,,,,0,1,81
2024-01-28 10:00:00,,,,,0,1,80
2024-01-28 11:00:00,,,,,0,0,
2024-01-28 12:00:00,,,,,0,0,
2024-01-28 13:00:00,,,,,0,1,79
2024-01-28 14:00:00,,,,,0,1,78
2024-01-28 15:00:00,,,,,0,0,
2024-01-28 16:00:00,,,,,0,0,
2024-01-28 17:00:00,,,,,0,0,
2024-01-28 18:00:00,,,,,0,1,77
2024-01-28 19:00:00,,,,,0,2,"75,76"
2024-01-28 20:00:00,,,,,0,0,
2024-01-28 21:00:00,,,,,0,0,
2024-01-28 22:00:00,,,,,0,1,74
2024-01-28 23:00:00,,,,,0,1,73
2024-01-29 00:00:00,,,,,0,0,
2024-01-29 01:00:00,,,,,0,1,72
2024-01-29 02:00:00,,,,,0,0,
2024-01-29 03:00:00,,,,,0,1,71
2024-01-29 04:00:00,,,,,0,0,
2024-01-29 05:00:00,,,,,0,1,70
2024-01-29 06:00:00,,,,,0,1,69
2024-01-29 07:00:00,,,,,0,0,
2024-01-29 08:00:00,,,,,0,1,68
2024-01-29 09:00:00,,,,,0,1,67
2024-01-29 10:00:00,,,,,0,1,66
2024-01-29 11:00:00,,,,,0,2,"64,65"
2024-01-29 12:00:00,,,,,0,0,
2024-01-29 13:00:00,,,,,0,1,63
2024-01-29 14:00:00,,,,,0,4,"59,60,61,62"
2024-01-29 15:00:00,,,,,0,1,58
2024-01-29 16:00:00,191.696,191.937,189.566,190.736,0,3,"55,56,57"
2024-01-29 17:00:00,190.767,191.226,190.483,190.576,0,2,"53,54"
2024-01-29 18:00:00,190.563,191.007,190.386,190.756,0,1,52
2024-01-29 19:00:00,190.756,191.137,190.706,191.037,0,1,51
2024-01-29 20:00:00,191.043,191.367,190.913,191.257,0,0,
2024-01-29 21:00:00,191.267,191.657,191.223,191.363,0,2,"49,50"
2024-01-29 22:00:00,191.375,192.187,191.351,191.475,0,2,"47,48"
2024-01-29 23:00:00,,,,,0,0,
2024-01-30 00:00:00,,,,,0,1,46
2024-01-30 01:00:00,,,,,0,0,
2024-01-30 02:00:00,,,,,0,0,
2024-01-30 03:00:00,,,,,0,0,
2024-01-30 04:00:00,,,,,0,0,
2024-01-30 05:00:00,,,,,0,0,
2024-01-30 06:00:00,,,,,0,0,
2024-01-30 07:00:00,,,,,0,0,
2024-01-30 08:00:00,,,,,0,1,45
2024-01-30 09:00:00,,,,,0,0,
2024-01-30 10:00:00,,,,,0,0,
2024-01-30 11:00:00,,,,,0,2,"43,44"
2024-01-30 12:00:00,,,,,0,0,
2024-01-30 13:00:00,,,,,0,2,"41,42"
2024-01-30 14:00:00,,,,,0,4,"37,38,39,40"
2024-01-30 15:00:00,,,,,0,1,36
2024-01-30 16:00:00,191.51,191.59,190.89,190.99,0,2,"34,35"
2024-01-30 17:00:00,191.09,191.145,188.201,188.461,0,3,"31,32,33"
2024-01-30 18:00:00,188.463,188.91,187.84,188.705,0,1,30
2024-01-30 19:00:00,188.705,188.9,187.85,187.85,0,1,29
2024-01-30 20:00:00,187.85,188.617,187.66,188.0,0,1,28
2024-01-30 21:00:00,188.005,188.267,187.443,188.205,0,2,"26,27"
2024-01-30 22:00:00,188.205,188.247,187.791,187.89,0,1,25
2024-01-30 23:00:00,,,,,0,0,
2024-01-31 00:00:00,,,,,0,0,
2024-01-31 01:00:00,,,,,0,0,
2024-01-31 02:00:00,,,,,0,0,
2024-01-31 03:00:00,,,,,0,1,24
2024-01-31 04:00:00,,,,,0,0,
2024-01-31 05:00:00,,,,,0,1,23
2024-01-31 06:00:00,,,,,0,0,
2024-01-31 07:00:00,,,,,0,1,22
2024-01-31 08:00:00,,,,,0,1,21
2024-01-31 09:00:00,,,,,0,2,"19,20"
2024-01-31 10:00:00,,,,,0,1,18
2024-01-31 11:00:00,,,,,0,2,"16,17"
2024-01-31 12:00:00,,,,,0,1,15
2024-01-31 13:00:00,,,,,0,2,"13,14"
2024-01-31 14:00:00,,,,,0,3,"10,11,12"
2024-01-31 15:00:00,,,,,0,2,"8,9"
2024-01-31 16:00:00,,,,,0,1,7
2024-01-31 17:00:00,,,,,0,1,6
2024-01-31 18:00:00,,,,,0,0,
2024-01-31 19:00:00,,,,,0,1,5
2024-01-31 20:00:00,,,,,0,4,"1,2,3,4"
2024-01-31 21:00:00,,,,,0,0,
2024-01-31 22:00:00,,,,,0,1,0
2024-01-31 23:00:00,,,,,0,0,
2024-02-01 00:00:00,,,,,0,1,1152
2024-02-01 01:00:00,,,,,0,0,
2024-02-01 02:00:00,,,,,0,0,
2024-02-01 03:00:00,,,,,0,0,
2024-02-01 04:00:00,,,,,0,0,
2024-02-01 05:00:00,,,,,0,1,1151
2024-02-01 06:00:00,,,,,0,1,1150
2024-02-01 07:00:00,,,,,0,1,1149
2024-02-01 08:00:00,,,,,0,0,
2024-02-01 09:00:00,,,,,0,3,"1146,1147,1148"
2024-02-01 10:00:00,,,,,0,0,
2024-02-01 11:00:00,,,,,0,1,1145
2024-02-01 12:00:00,,,,,0,2,"1143,1144"
2024-02-01 13:00:00,,,,,0,4,"1139,1140,1141,1142"
2024-02-01 14:00:00,,,,,0,2,"1137,1138"
2024-02-01 15:00:00,,,,,0,2,"1135,1136"
2024-02-01 16:00:00,185.014,185.614,184.574,185.414,0,7,"1128,1129,1130,1131,1132,1133,1134"
2024-02-01 17:00:00,185.177,186.294,184.912,185.342,0,2,"1126,1127"
2024-02-01 18:00:00,185.364,186.055,185.278,185.665,0,2,"1124,1125"
2024-02-01 19:00:00,185.675,186.415,185.618,186.105,0,1,1123
2024-02-01 20:00:00,186.114,186.165,185.254,185.778,0,0,
2024-02-01 21:00:00,185.782,186.605,185.538,186.462,0,9,"1114,1115,1116,1117,1118,1119,1120,1121,1122"
2024-02-01 22:00:00,186.452,186.885,186.272,186.574,0,9,"1105,1106,1107,1108,1109,1110,1111,1112,1113"
2024-02-01 23:00:00,,,,,0,8,"1097,1098,1099,1100,1101,1102,1103,1104"
2024-02-02 00:00:00,,,,,0,1,1096
2024-02-02 01:00:00,,,,,0,2,"1094,1095"
2024-02-02 02:00:00,,,,,0,3,"1091,1092,1093"
2024-02-02 03:00:00,,,,,0,1,1090
2024-02-02 04:00:00,,,,,0,1,1089
2024-02-02 05:00:00,,,,,0,2,"1087,1088"
2024-02-02 06:00:00,,,,,0,1,1086
2024-02-02 07:00:00,,,,,0,3,"1083,1084,1085"
2024-02-02 08:00:00,,,,,0,0,
2024-02-02 09:00:00,,,,,0,2,"1081,1082"
2024-02-02 10:00:00,,,,,0,2,"1079,1080"
2024-02-02 11:00:00,,,,,0,5,"1074,1075,1076,1077,1078"
2024-02-02 12:00:00,,,,,0,3,"1071,1072,1073"
2024-02-02 13:00:00,,,,,0,3,"1068,1069,1070"
2024-02-02 14:00:00,,,,,0,3,"1065,1066,1067"
2024-02-02 15:00:00,,,,,0,5,"1060,1061,1062,1063,1064"
2024-02-02 16:00:00,181.537,183.686,181.408,182.467,0,4,"1056,1057,1058,1059"
2024-02-02 17:00:00,182.467,185.927,182.467,185.637,0,2,"1054,1055"
2024-02-02 18:00:00,185.657,187.136,185.107,186.317,0,4,"1050,1051,1052,1053"
2024-02-02 19:00:00,186.327,187.107,185.117,185.267,0,0,
2024-02-02 20:00:00,185.306,186.227,184.846,185.917,0,3,"1047,1048,1049"
2024-02-02 21:00:00,185.926,186.987,185.578,186.976,0,3,"1044,1045,1046"
2024-02-02 22:00:00,186.987,187.046,186.178,186.627,0,4,"1040,1041,1042,1043"
2024-02-02 23:00:00,,,,,0,1,1039
2024-02-03 00:00:00,,,,,0,1,1038
2024-02-03 01:00:00,,,,,0,1,1037
2024-02-03 02:00:00,,,,,0,0,
2024-02-03 03:00:00,,,,,0,0,
2024-02-03 04:00:00,,,,,0,0,
2024-02-03 05:00:00,,,,,0,1,1036
2024-02-03 06:00:00,,,,,0,0,
2024-02-03 07:00:00,,,,,0,0,
2024-02-03 08:00:00,,,,,0,0,
2024-02-03 09:00:00,,,,,0,0,
2024-02-03 10:00:00,,,,,0,0,
2024-02-03 11:00:00,,,,,0,0,
2024-02-03 12:00:00,,,,,0,1,1035
2024-02-03 13:00:00,,,,,0,2,"1033,1034"
2024-02-03 14:00:00,,,,,0,0,
2024-02-03 15:00:00,,,,,0,0,
2024-02-03 16:00:00,,,,,0,1,1032
2024-02-03 17:00:00,,,,,0,0,
2024-02-03 18:00:00,,,,,0,2,"1030,1031"
2024-02-03 19:00:00,,,,,0,1,1029
2024-02-03 20:00:00,,,,,0,0,
2024-02-03 21:00:00,,,,,0,0,
2024-02-03 22:00:00,,,,,0,0,
2024-02-03 23:00:00,,,,,0,0,
2024-02-04 00:00:00,,,,,0,0,
2024-02-04 01:00:00,,,,,0,0,
2024-02-04 02:00:00,,,,,0,0,
2024-02-04 03:00:00,,,,,0,0,
2024-02-04 04:00:00,,,,,0,0,
2024-02-04 05:00:00,,,,,0,1,1028
2024-02-04 06:00:00,,,,,0,0,
2024-02-04 07:00:00,,,,,0,0,
2024-02-04 08:00:00,,,,,0,1,1027
2024-02-04 09:00:00,,,,,0,0,
2024-02-04 10:00:00,,,,,0,0,
2024-02-04 11:00:00,,,,,0,0,
2024-02-04 12:00:00,,,,,0,3,"1024,1025,1026"
2024-02-04 13:00:00,,,,,0,0,
2024-02-04 14:00:00,,,,,0,0,
2024-02-04 15:00:00,,,,,0,2,"1022,1023"
2024-02-04 16:00:00,,,,,0,0,
2024-02-04 17:00:00,,,,,0,1,1021
2024-02-04 18:00:00,,,,,0,0,
2024-02-04 19:00:00,,,,,0,0,
2024-02-04 20:00:00,,,,,0,1,1020
2024-02-04 21:00:00,,,,,0,0,
2024-02-04 22:00:00,,,,,0,0,
2024-02-04 23:00:00,,,,,0,0,
2024-02-05 00:00:00,,,,,0,0,
2024-02-05 01:00:00,,,,,0,0,
2024-02-05 02:00:00,,,,,0,0,
2024-02-05 03:00:00,,,,,0,0,
2024-02-05 04:00:00,,,,,0,0,
2024-02-05 05:00:00,,,,,0,1,1019
2024-02-05 06:00:00,,,,,0,0,
2024-02-05 07:00:00,,,,,0,1,1018
2024-02-05 08:00:00,,,,,0,3,"1015,1016,1017"
2024-02-05 09:00:00,,,,,0,1,1014
2024-02-05 10:00:00,,,,,0,2,"1012,1013"
2024-02-05 11:00:00,,,,,0,4,"1008,1009,1010,1011"
2024-02-05 12:00:00,,,,,0,1,1007
2024-02-05 13:00:00,,,,,0,4,"1003,1004,1005,1006"
2024-02-05 14:00:00,,,,,0,3,"1000,1001,1002"
2024-02-05 15:00:00,,,,,0,1,999
2024-02-05 16:00:00,187.216,187.426,185.839,186.576,0,0,
2024-02-05 17:00:00,186.576,188.331,186.081,186.876,0,1,998
2024-02-05 18:00:00,186.866,188.094,186.756,187.974,0,0,
2024-02-05 19:00:00,187.931,189.227,187.861,189.031,0,0,
2024-02-05 20:00:00,189.046,189.046,188.506,188.704,0,4,"994,995,996,997"
2024-02-05 21:00:00,188.691,188.874,188.356,188.496,0,3,"991,992,993"
2024-02-05 22:00:00,188.504,188.606,187.846,188.096,0,3,"988,989,990"
2024-02-05 23:00:00,,,,,0,1,987
2024-02-06 00:00:00,,,,,0,0,
2024-02-06 01:00:00,,,,,0,0,
2024-02-06 02:00:00,,,,,0,0,
2024-02-06 03:00:00,,,,,0,0,
2024-02-06 04:00:00,,,,,0,0,
2024-02-06 05:00:00,,,,,0,0,
2024-02-06 06:00:00,,,,,0,0,
2024-02-06 07:00:00,,,,,0,0,
2024-02-06 08:00:00,,,,,0,0,
2024-02-06 09:00:00,,,,,0,1,986
2024-02-06 10:00:00,,,,,0,0,
2024-02-06 11:00:00,,,,,0,3,"983,984,985"
2024-02-06 12:00:00,,,,,0,0,
2024-02-06 13:00:00,,,,,0,0,
2024-02-06 14:00:00,,,,,0,2,"981,982"
2024-02-06 15:00:00,,,,,0,0,
2024-02-06 16:00:00,187.869,188.609,187.459,187.939,0,0,
2024-02-06 17:00:00,187.949,188.289,187.269,187.699,0,1,980
2024-02-06 18:00:00,187.689,189.009,187.689,188.839,0,1,979
2024-02-06 19:00:00,188.809,189.109,188.409,188.519,0,1,978
2024-02-06 20:00:00,188.519,188.989,188.489,188.759,0,1,977
2024-02-06 21:00:00,188.759,188.809,188.219,188.559,0,0,
2024-02-06 22:00:00,188.562,188.829,188.145,188.789,0,1,976
2024-02-06 23:00:00,,,,,0,1,975
2024-02-07 00:00:00,,,,,0,3,"972,973,974"
2024-02-07 01:00:00,,,,,0,0,
2024-02-07 02:00:00,,,,,0,1,971
2024-02-07 03:00:00,,,,,0,2,"969,970"
2024-02-07 04:00:00,,,,,0,0,
2024-02-07 05:00:00,,,,,0,1,968
2024-02-07 06:00:00,,,,,0,2,"966,967"
2024-02-07 07:00:00,,,,,0,0,
2024-02-07 08:00:00,,,,,0,0,
2024-02-07 09:00:00,,,,,0,0,
2024-02-07 10:00:00,,,,,0,0,
2024-02-07 11:00:00,,,,,0,0,
2024-02-07 12:00:00,,,,,0,2,"964,965"
2024-02-07 13:00:00,,,,,0,0,
2024-02-07 14:00:00,,,,,0,2,"962,963"
2024-02-07 15:00:00,,,,,0,2,"960,961"
2024-02-07 16:00:00,190.047,190.327,188.847,188.997,0,3,"957,958,959"
2024-02-07 17:00:00,188.987,190.388,188.597,189.647,0,0,
2024-02-07 18:00:00,189.647,189.687,188.788,189.118,0,1,956
2024-02-07 19:00:00,189.108,189.208,188.634,188.987,0,0,
2024-02-07 20:00:00,188.987,189.287,188.727,189.174,0,1,955
2024-02-07 21:00:00,189.186,189.398,188.874,189.248,0,1,954
2024-02-07 22:00:00,189.248,189.368,188.927,189.199,0,0,
2024-02-07 23:00:00,,,,,0,1,953
2024-02-08 00:00:00,,,,,0,0,
2024-02-08 01:00:00,,,,,0,0,
2024-02-08 02:00:00,,,,,0,1,952
2024-02-08 03:00:00,,,,,0,0,
2024-02-08 04:00:00,,,,,0,0,
2024-02-08 05:00:00,,,,,0,0,
2024-02-08 06:00:00,,,,,0,0,
2024-02-08 07:00:00,,,,,0,0,
2024-02-08 08:00:00,,,,,0,0,
2024-02-08 09:00:00,,,,,0,2,"950,951"
2024-02-08 10:00:00,,,,,0,0,
2024-02-08 11:00:00,,,,,0,1,949
2024-02-08 12:00:00,,,,,0,1,948
2024-02-08 13:00:00,,,,,0,3,"945,946,947"
2024-02-08 14:00:00,,,,,0,0,
2024-02-08 15:00:00,,,,,0,1,944
2024-02-08 16:00:00,188.85,189.5,188.675,188.921,0,2,"942,943"
2024-02-08 17:00:00,188.921,188.921,187.33,188.095,0,1,941
2024-02-08 18:00:00,188.095,188.389,187.81,188.389,0,1,940
2024-02-08 19:00:00,188.379,188.725,188.04,188.065,0,0,
2024-02-08 20:00:00,188.061,188.339,187.98,188.137,0,1,939
2024-02-08 21:00:00,188.129,188.269,187.97,188.155,0,0,
2024-02-08 22:00:00,188.159,188.425,188.085,188.13,0,3,"936,937,938"
2024-02-08 23:00:00,,,,,0,1,935
2024-02-09 00:00:00,,,,,0,0,
2024-02-09 01:00:00,,,,,0,0,
2024-02-09 02:00:00,,,,,0,0,
2024-02-09 03:00:00,,,,,0,0,
2024-02-09 04:00:00,,,,,0,0,
2024-02-09 05:00:00,,,,,0,1,934
2024-02-09 06:00:00,,,,,0,1,933
2024-02-09 07:00:00,,,,,0,0,
2024-02-09 08:00:00,,,,,0,0,
2024-02-09 09:00:00,,,,,0,0,
2024-02-09 10:00:00,,,,,0,1,932
2024-02-09 11:00:00,,,,,0,1,931
2024-02-09 12:00:00,,,,,0,0,
2024-02-09 13:00:00,,,,,0,1,930
2024-02-09 14:00:00,,,,,0,0,
2024-02-09 15:00:00,,,,,0,1,929
2024-02-09 16:00:00,188.411,188.651,188.21,188.651,0,1,928
2024-02-09 17:00:00,188.643,188.817,188.34,188.657,0,2,"926,927"
2024-02-09 18:00:00,188.663,189.973,188.651,189.764,0,0,
2024-02-09 19:00:00,189.757,189.823,189.073,189.631,0,0,
2024-02-09 20:00:00,189.62,189.643,189.021,189.051,0,2,"924,925"
2024-02-09 21:00:00,189.062,189.063,188.72,188.923,0,2,"922,923"
2024-02-09 22:00:00,188.933,188.951,188.54,188.71,0,0,
2024-02-09 23:00:00,,,,,0,0,
2024-02-10 00:00:00,,,,,0,0,
2024-02-10 01:00:00,,,,,0,0,
2024-02-10 02:00:00,,,,,0,1,921
2024-02-10 03:00:00,,,,,0,0,
2024-02-10 04:00:00,,,,,0,0,
2024-02-10 05:00:00,,,,,0,0,
2024-02-10 06:00:00,,,,,0,0,
2024-02-10 07:00:00,,,,,0,0,
2024-02-10 08:00:00,,,,,0,0,
2024-02-10 09:00:00,,,,,0,0,
2024-02-10 10:00:00,,,,,0,0,
2024-02-10 11:00:00,,,,,0,1,920
2024-02-10 12:00:00,,,,,0,0,
2024-02-10 13:00:00,,,,,0,0,
2024-02-10 14:00:00,,,,,0,0,
2024-02-10 15:00:00,,,,,0,1,919
2024-02-10 16:00:00,,,,,0,0,
2024-02-10 17:00:00,,,,,0,1,918
2024-02-10 18:00:00,,,,,0,0,
2024-02-10 19:00:00,,,,,0,2,"916,917"
2024-02-10 20:00:00,,,,,0,0,
2024-02-10 21:00:00,,,,,0,0,
2024-02-10 22:00:00,,,,,0,0,
2024-02-10 23:00:00,,,,,0,0,
2024-02-11 00:00:00,,,,,0,0,
2024-02-11 01:00:00,,,,,0,0,
2024-02-11 02:00:00,,,,,0,2,"914,915"
2024-02-11 03:00:00,,,,,0,0,
2024-02-11 04:00:00,,,,,0,0,
2024-02-11 05:00:00,,,,,0,0,
2024-02-11 06:00:00,,,,,0,0,
2024-02-11 07:00:00,,,,,0,1,913
2024-02-11 08:00:00,,,,,0,0,
2024-02-11 09:00:00,,,,,0,0,
2024-02-11 10:00:00,,,,,0,0,
2024-02-11 11:00:00,,,,,0,0,
2024-02-11 12:00:00,,,,,0,0,
2024-02-11 13:00:00,,,,,0,2,"911,912"
2024-02-11 14:00:00,,,,,0,0,
2024-02-11 15:00:00,,,,,0,0,
2024-02-11 16:00:00,,,,,0,0,
2024-02-11 17:00:00,,,,,0,0,
2024-02-11 18:00:00,,,,,0,0,
2024-02-11 19:00:00,,,,,0,0,
2024-02-11 20:00:00,,,,,0,0,
2024-02-11 21:00:00,,,,,0,0,
2024-02-11 22:00:00,,,,,0,0,
2024-02-11 23:00:00,,,,,0,0,
2024-02-12 00:00:00,,,,,0,0,
2024-02-12 01:00:00,,,,,0,0,
2024-02-12 02:00:00,,,,,0,0,
2024-02-12 03:00:00,,,,,0,0,
2024-02-12 04:00:00,,,,,0,0,
2024-02-12 05:00:00,,,,,0,0,
2024-02-12 06:00:00,,,,,0,0,
2024-02-12 07:00:00,,,,,0,0,
2024-02-12 08:00:00,,,,,0,0,
2024-02-12 09:00:00,,,,,0,1,910
2024-02-12 10:00:00,,,,,0,0,
2024-02-12 11:00:00,,,,,0,1,909
2024-02-12 12:00:00,,,,,0,2,"907,908"
2024-02-12 13:00:00,,,,,0,2,"905,906"
2024-02-12 14:00:00,,,,,0,0,
2024-02-12 15:00:00,,,,,0,2,"903,904"
2024-02-12 16:00:00,188.601,188.641,187.434,187.968,0,0,
2024-02-12 17:00:00,187.978,188.048,187.361,187.771,0,1,902
2024-02-12 18:00:00,187.788,188.168,187.671,187.973,0,0,
2024-02-12 19:00:00,187.991,188.198,187.681,188.133,0,1,901
2024-02-12 20:00:00,188.142,188.348,187.541,187.981,0,1,900
2024-02-12 21:00:00,187.978,188.018,186.902,186.971,0,1,899
2024-02-12 22:00:00,186.971,187.438,186.771,187.271,0,1,898
2024-02-12 23:00:00,,,,,0,1,897
2024-02-13 00:00:00,,,,,0,1,896
2024-02-13 01:00:00,,,,,0,0,
2024-02-13 02:00:00,,,,,0,0,
2024-02-13 03:00:00,,,,,0,0,
2024-02-13 04:00:00,,,,,0,0,
2024-02-13 05:00:00,,,,,0,0,
2024-02-13 06:00:00,,,,,0,0,
2024-02-13 07:00:00,,,,,0,1,895
2024-02-13 08:00:00,,,,,0,0,
2024-02-13 09:00:00,,,,,0,0,
2024-02-13 10:00:00,,,,,0,0,
2024-02-13 11:00:00,,,,,0,2,"893,894"
2024-02-13 12:00:00,,,,,0,1,892
2024-02-13 13:00:00,,,,,0,1,891
2024-02-13 14:00:00,,,,,0,1,890
2024-02-13 15:00:00,,,,,0,1,889
2024-02-13 16:00:00,184.603,185.375,184.165,185.133,0,0,
2024-02-13 17:00:00,185.153,186.164,184.743,185.813,0,0,
2024-02-13 18:00:00,185.823,186.004,185.253,185.403,0,4,"885,886,887,888"
2024-02-13 19:00:00,185.393,185.764,185.095,185.135,0,1,884
2024-02-13 20:00:00,185.135,185.425,184.935,184.993,0,2,"882,883"
2024-02-13 21:00:00,184.983,184.983,183.783,183.843,0,0,
2024-02-13 22:00:00,183.835,184.784,183.503,184.783,0,0,
2024-02-13 23:00:00,,,,,0,0,
2024-02-14 00:00:00,,,,,0,1,881
2024-02-14 01:00:00,,,,,0,0,
2024-02-14 02:00:00,,,,,0,0,
2024-02-14 03:00:00,,,,,0,0,
2024-02-14 04:00:00,,,,,0,0,
2024-02-14 05:00:00,,,,,0,0,
2024-02-14 06:00:00,,,,,0,0,
2024-02-14 07:00:00,,,,,0,0,
2024-02-14 08:00:00,,,,,0,0,
2024-02-14 09:00:00,,,,,0,0,
2024-02-14 10:00:00,,,,,0,2,"879,880"
2024-02-14 11:00:00,,,,,0,2,"877,878"
2024-02-14 12:00:00,,,,,0,0,
2024-02-14 13:00:00,,,,,0,0,
2024-02-14 14:00:00,,,,,0,1,876
2024-02-14 15:00:00,,,,,0,1,875
2024-02-14 16:00:00,185.026,185.066,183.882,184.026,0,0,
2024-02-14 17:00:00,184.036,184.246,183.086,183.173,0,1,874
2024-02-14 18:00:00,183.154,183.576,182.79,182.976,0,1,873
2024-02-14 19:00:00,182.986,182.996,182.496,182.703,0,0,
2024-02-14 20:00:00,182.69,183.123,182.402,182.92,0,0,
2024-02-14 21:00:00,182.956,183.186,182.47,182.896,0,1,872
2024-02-14 22:00:00,182.892,183.996,182.839,183.742,0,4,"868,869,870,871"
2024-02-14 23:00:00,,,,,0,1,867
2024-02-15 00:00:00,,,,,0,0,
2024-02-15 01:00:00,,,,,0,1,866
2024-02-15 02:00:00,,,,,0,0,
2024-02-15 03:00:00,,,,,0,0,
2024-02-15 04:00:00,,,,,0,0,
2024-02-15 05:00:00,,,,,0,0,
2024-02-15 06:00:00,,,,,0,1,865
2024-02-15 07:00:00,,,,,0,0,
2024-02-15 08:00:00,,,,,0,0,
2024-02-15 09:00:00,,,,,0,1,864
2024-02-15 10:00:00,,,,,0,0,
2024-02-15 11:00:00,,,,,0,3,"861,862,863"
2024-02-15 12:00:00,,,,,0,1,860
2024-02-15 13:00:00,,,,,0,2,"858,859"
2024-02-15 14:00:00,,,,,0,0,
2024-02-15 15:00:00,,,,,0,5,"853,854,855,856,857"
2024-02-15 16:00:00,183.28,184.05,181.893,182.03,0,0,
2024-02-15 17:00:00,182.04,182.63,181.418,182.008,0,1,852
2024-02-15 18:00:00,182.01,182.128,181.54,181.723,0,2,"850,851"
2024-02-15 19:00:00,181.713,182.228,181.62,181.77,0,3,"847,848,849"
2024-02-15 20:00:00,181.77,182.438,181.64,182.103,0,0,
2024-02-15 21:00:00,182.11,182.348,181.72,182.323,0,3,"844,845,846"
2024-02-15 22:00:00,182.338,183.83,182.085,183.493,0,1,843
2024-02-15 23:00:00,,,,,0,0,
2024-02-16 00:00:00,,,,,0,0,
2024-02-16 01:00:00,,,,,0,0,
2024-02-16 02:00:00,,,,,0,0,
2024-02-16 03:00:00,,,,,0,0,
2024-02-16 04:00:00,,,,,0,1,842
2024-02-16 05:00:00,,,,,0,0,
2024-02-16 06:00:00,,,,,0,0,
2024-02-16 07:00:00,,,,,0,1,841
2024-02-16 08:00:00,,,,,0,1,840
2024-02-16 09:00:00,,,,,0,1,839
2024-02-16 10:00:00,,,,,0,1,838
2024-02-16 11:00:00,,,,,0,0,
2024-02-16 12:00:00,,,,,0,1,837
2024-02-16 13:00:00,,,,,0,1,836
2024-02-16 14:00:00,,,,,0,1,835
2024-02-16 15:00:00,,,,,0,3,"832,833,834"
2024-02-16 16:00:00,184.012,184.821,182.313,182.313,0,0,
2024-02-16 17:00:00,182.213,183.332,181.861,183.041,0,1,831
2024-02-16 18:00:00,183.041,183.423,182.812,183.083,0,2,"829,830"
2024-02-16 19:00:00,183.072,183.123,182.621,182.721,0,1,828
2024-02-16 20:00:00,182.713,182.891,182.462,182.873,0,2,"826,827"
2024-02-16 21:00:00,182.872,183.181,182.01,182.172,0,0,
2024-02-16 22:00:00,182.162,182.376,181.642,181.953,0,0,
2024-02-16 23:00:00,,,,,0,0,
2024-02-17 00:00:00,,,,,0,0,
2024-02-17 01:00:00,,,,,0,0,
2024-02-17 02:00:00,,,,,0,0,
2024-02-17 03:00:00,,,,,0,0,
2024-02-17 04:00:00,,,,,0,0,
2024-02-17 05:00:00,,,,,0,0,
2024-02-17 06:00:00,,,,,0,0,
2024-02-17 07:00:00,,,,,0,0,
2024-02-17 08:00:00,,,,,0,0,
2024-02-17 09:00:00,,,,,0,1,825
2024-02-17 10:00:00,,,,,0,1,824
2024-02-17 11:00:00,,,,,0,0,
2024-02-17 12:00:00,,,,,0,1,823
2024-02-17 13:00:00,,,,,0,1,822
2024-02-17 14:00:00,,,,,0,2,"820,821"
2024-02-17 15:00:00,,,,,0,1,819
2024-02-17 16:00:00,,,,,0,0,
2024-02-17 17:00:00,,,,,0,0,
2024-02-17 18:00:00,,,,,0,0,
2024-02-17 19:00:00,,,,,0,0,
2024-02-17 20:00:00,,,,,0,0,
2024-02-17 21:00:00,,,,,0,0,
2024-02-17 22:00:00,,,,,0,0,
2024-02-17 23:00:00,,,,,0,0,
2024-02-18 00:00:00,,,,,0,0,
2024-02-18 01:00:00,,,,,0,0,
2024-02-18 02:00:00,,,,,0,0,
2024-02-18 03:00:00,,,,,0,0,
2024-02-18 04:00:00,,,,,0,0,
2024-02-18 05:00:00,,,,,0,0,
2024-02-18 06:00:00,,,,,0,0,
2024-02-18 07:00:00,,,,,0,0,
2024-02-18 08:00:00,,,,,0,0,
2024-02-18 09:00:00,,,,,0,0,
2024-02-18 10:00:00,,,,,0,0,
2024-02-18 11:00:00,,,,,0,3,"816,817,818"
2024-02-18 12:00:00,,,,,0,0,
2024-02-18 13:00:00,,,,,0,0,
2024-02-18 14:00:00,,,,,0,2,"814,815"
2024-02-18 15:00:00,,,,,0,0,
2024-02-18 16:00:00,,,,,0,1,813
2024-02-18 17:00:00,,,,,0,0,
2024-02-18 18:00:00,,,,,0,1,812
2024-02-18 19:00:00,,,,,0,0,
2024-02-18 20:00:00,,,,,0,0,
2024-02-18 21:00:00,,,,,0,0,
2024-02-18 22:00:00,,,,,0,0,
2024-02-18 23:00:00,,,,,0,0,
2024-02-19 00:00:00,,,,,0,0,
2024-02-19 01:00:00,,,,,0,0,
2024-02-19 02:00:00,,,,,0,0,
2024-02-19 03:00:00,,,,,0,0,
2024-02-19 04:00:00,,,,,0,0,
2024-02-19 05:00:00,,,,,0,0,
2024-02-19 06:00:00,,,,,0,0,
2024-02-19 07:00:00,,,,,0,0,
2024-02-19 08:00:00,,,,,0,0,
2024-02-19 09:00:00,,,,,0,0,
2024-02-19 10:00:00,,,,,0,2,"810,811"
2024-02-19 11:00:00,,,,,0,2,"808,809"
2024-02-19 12:00:00,,,,,0,1,807
2024-02-19 13:00:00,,,,,0,2,"805,806"
2024-02-19 14:00:00,,,,,0,1,804
2024-02-19 15:00:00,,,,,0,1,803
2024-02-19 16:00:00,,,,,0,0,
2024-02-19 17:00:00,,,,,0,0,
2024-02-19 18:00:00,,,,,0,0,
2024-02-19 19:00:00,,,,,0,1,802
2024-02-19 20:00:00,,,,,0,0,
2024-02-19 21:00:00,,,,,0,1,801
2024-02-19 22:00:00,,,,,0,0,
2024-02-19 23:00:00,,,,,0,0,
2024-02-20 00:00:00,,,,,0,0,
2024-02-20 01:00:00,,,,,0,0,
2024-02-20 02:00:00,,,,,0,0,
2024-02-20 03:00:00,,,,,0,0,
2024-02-20 04:00:00,,,,,0,0,
2024-02-20 05:00:00,,,,,0,0,
2024-02-20 06:00:00,,,,,0,0,
2024-02-20 07:00:00,,,,,0,0,
2024-02-20 08:00:00,,,,,0,0,
2024-02-20 09:00:00,,,,,0,1,800
2024-02-20 10:00:00,,,,,0,0,
2024-02-20 11:00:00,,,,,0,1,799
2024-02-20 12:00:00,,,,,0,3,"796,797,798"
2024-02-20 13:00:00,,,,,0,0,
2024-02-20 14:00:00,,,,,0,1,795
2024-02-20 15:00:00,,,,,0,1,794
2024-02-20 16:00:00,182.075,182.075,180.675,180.813,0,0,
2024-02-20 17:00:00,180.818,180.825,179.984,180.713,0,0,
2024-02-20 18:00:00,180.705,181.355,180.683,181.075,0,3,"791,792,793"
2024-02-20 19:00:00,181.085,181.115,180.47,180.745,0,4,"787,788,789,790"
2024-02-20 20:00:00,180.733,180.935,180.38,180.715,0,0,
2024-02-20 21:00:00,180.725,180.895,180.393,180.885,0,0,
2024-02-20 22:00:00,180.908,181.445,180.843,181.175,0,1,786
2024-02-20 23:00:00,,,,,0,0,
2024-02-21 00:00:00,,,,,0,0,
2024-02-21 01:00:00,,,,,0,1,785
2024-02-21 02:00:00,,,,,0,0,
2024-02-21 03:00:00,,,,,0,0,
2024-02-21 04:00:00,,,,,0,1,784
2024-02-21 05:00:00,,,,,0,0,
2024-02-21 06:00:00,,,,,0,1,783
2024-02-21 07:00:00,,,,,0,0,
2024-02-21 08:00:00,,,,,0,0,
2024-02-21 09:00:00,,,,,0,0,
2024-02-21 10:00:00,,,,,0,2,"781,782"
2024-02-21 11:00:00,,,,,0,1,780
2024-02-21 12:00:00,,,,,0,1,779
2024-02-21 13:00:00,,,,,0,2,"777,778"
2024-02-21 14:00:00,,,,,0,6,"771,772,773,774,775,776"
2024-02-21 15:00:00,,,,,0,5,"766,767,768,769,770"
2024-02-21 16:00:00,182.38,182.856,182.045,182.525,0,0,
2024-02-21 17:00:00,182.525,182.829,182.11,182.136,0,2,"764,765"
2024-02-21 18:00:00,182.145,182.569,181.96,182.098,0,0,
2024-02-21 19:00:00,182.106,182.115,181.16,181.525,0,0,
2024-02-21 20:00:00,181.525,181.709,181.05,181.278,0,1,763
2024-02-21 21:00:00,181.289,181.44,180.641,180.996,0,1,762
2024-02-21 22:00:00,180.995,182.319,180.94,182.276,0,0,
2024-02-21 23:00:00,,,,,0,0,
2024-02-22 00:00:00,,,,,0,1,761
2024-02-22 01:00:00,,,,,0,0,
2024-02-22 02:00:00,,,,,0,0,
2024-02-22 03:00:00,,,,,0,0,
2024-02-22 04:00:00,,,,,0,0,
2024-02-22 05:00:00,,,,,0,0,
2024-02-22 06:00:00,,,,,0,0,
2024-02-22 07:00:00,,,,,0,0,
2024-02-22 08:00:00,,,,,0,2,"759,760"
2024-02-22 09:00:00,,,,,0,0,
2024-02-22 10:00:00,,,,,0,2,"757,758"
2024-02-22 11:00:00,,,,,0,2,"755,756"
2024-02-22 12:00:00,,,,,0,0,
2024-02-22 13:00:00,,,,,0,0,
2024-02-22 14:00:00,,,,,0,0,
2024-02-22 15:00:00,,,,,0,0,
2024-02-22 16:00:00,182.779,183.598,182.513,183.108,0,2,"753,754"
2024-02-22 17:00:00,183.108,183.459,182.679,182.839,0,2,"751,752"
2024-02-22 18:00:00,182.834,183.233,182.454,182.928,0,0,
2024-02-22 19:00:00,182.938,183.633,182.718,183.599,0,0,
2024-02-22 20:00:00,183.598,184.273,183.514,184.184,0,0,
2024-02-22 21:00:00,184.198,184.933,184.168,184.51,0,1,750
2024-02-22 22:00:00,184.516,184.819,184.166,184.298,0,2,"748,749"
2024-02-22 23:00:00,,,,,0,0,
2024-02-23 00:00:00,,,,,0,0,
2024-02-23 01:00:00,,,,,0,0,
2024-02-23 02:00:00,,,,,0,0,
2024-02-23 03:00:00,,,,,0,0,
2024-02-23 04:00:00,,,,,0,0,
2024-02-23 05:00:00,,,,,0,0,
2024-02-23 06:00:00,,,,,0,0,
2024-02-23 07:00:00,,,,,0,0,
2024-02-23 08:00:00,,,,,0,1,747
2024-02-23 09:00:00,,,,,0,1,746
2024-02-23 10:00:00,,,,,0,1,745
2024-02-23 11:00:00,,,,,0,1,744
2024-02-23 12:00:00,,,,,0,1,743
2024-02-23 13:00:00,,,,,0,1,742
2024-02-23 14:00:00,,,,,0,0,
2024-02-23 15:00:00,,,,,0,1,741
2024-02-23 16:00:00,184.638,184.68,183.735,183.858,0,1,740
2024-02-23 17:00:00,183.865,183.92,182.924,183.362,0,0,
2024-02-23 18:00:00,183.363,183.395,182.622,182.91,0,0,
2024-02-23 19:00:00,182.894,183.015,182.29,182.785,0,0,
2024-02-23 20:00:00,182.795,182.958,182.582,182.702,0,0,
2024-02-23 21:00:00,182.715,182.758,182.412,182.6,0,1,739
2024-02-23 22:00:00,182.591,182.808,182.414,182.701,0,0,
2024-02-23 23:00:00,,,,,0,0,
2024-02-24 00:00:00,,,,,0,0,
2024-02-24 01:00:00,,,,,0,0,
2024-02-24 02:00:00,,,,,0,0,
2024-02-24 03:00:00,,,,,0,0,
2024-02-24 04:00:00,,,,,0,0,
2024-02-24 05:00:00,,,,,0,0,
2024-02-24 06:00:00,,,,,0,0,
2024-02-24 07:00:00,,,,,0,0,
2024-02-24 08:00:00,,,,,0,0,
2024-02-24 09:00:00,,,,,0,0,
2024-02-24 10:00:00,,,,,0,0,
2024-02-24 11:00:00,,,,,0,0,
2024-02-24 12:00:00,,,,,0,0,
2024-02-24 13:00:00,,,,,0,0,
2024-02-24 14:00:00,,,,,0,1,738
2024-02-24 15:00:00,,,,,0,2,"736,737"
2024-02-24 16:00:00,,,,,0,0,
2024-02-24 17:00:00,,,,,0,0,
2024-02-24 18:00:00,,,,,0,0,
2024-02-24 19:00:00,,,,,0,0,
2024-02-24 20:00:00,,,,,0,0,
2024-02-24 21:00:00,,,,,0,0,
2024-02-24 22:00:00,,,,,0,0,
2024-02-24 23:00:00,,,,,0,0,
2024-02-25 00:00:00,,,,,0,0,
2024-02-25 01:00:00,,,,,0,0,
2024-02-25 02:00:00,,,,,0,1,735
2024-02-25 03:00:00,,,,,0,0,
2024-02-25 04:00:00,,,,,0,0,
2024-02-25 05:00:00,,,,,0,1,734
2024-02-25 06:00:00,,,,,0,0,
2024-02-25 07:00:00,,,,,0,0,
2024-02-25 08:00:00,,,,,0,0,
2024-02-25 09:00:00,,,,,0,0,
2024-02-25 10:00:00,,,,,0,0,
2024-02-25 11:00:00,,,,,0,1,733
2024-02-25 12:00:00,,,,,0,2,"731,732"
2024-02-25 13:00:00,,,,,0,0,
2024-02-25 14:00:00,,,,,0,0,
2024-02-25 15:00:00,,,,,0,1,730
2024-02-25 16:00:00,,,,,0,1,729
2024-02-25 17:00:00,,,,,0,0,
2024-02-25 18:00:00,,,,,0,0,
2024-02-25 19:00:00,,,,,0,0,
2024-02-25 20:00:00,,,,,0,0,
2024-02-25 21:00:00,,,,,0,0,
2024-02-25 22:00:00,,,,,0,0,
2024-02-25 23:00:00,,,,,0,0,
2024-02-26 00:00:00,,,,,0,0,
2024-02-26 01:00:00,,,,,0,0,
2024-02-26 02:00:00,,,,,0,0,
2024-02-26 03:00:00,,,,,0,0,
2024-02-26 04:00:00,,,,,0,0,
2024-02-26 05:00:00,,,,,0,0,
2024-02-26 06:00:00,,,,,0,0,
2024-02-26 07:00:00,,,,,0,0,
2024-02-26 08:00:00,,,,,0,0,
2024-02-26 09:00:00,,,,,0,1,728
2024-02-26 10:00:00,,,,,0,0,
2024-02-26 11:00:00,,,,,0,1,727
2024-02-26 12:00:00,,,,,0,1,726
2024-02-26 13:00:00,,,,,0,1,725
2024-02-26 14:00:00,,,,,0,3,"722,723,724"
2024-02-26 15:00:00,,,,,0,2,"720,721"
2024-02-26 16:00:00,181.977,182.077,181.136,181.489,0,1,719
2024-02-26 17:00:00,181.487,181.836,181.177,181.23,0,0,
2024-02-26 18:00:00,181.207,181.253,180.73,181.187,0,3,"716,717,718"
2024-02-26 19:00:00,181.19,181.193,180.623,180.787,0,2,"714,715"
2024-02-26 20:00:00,180.787,181.379,180.692,181.367,0,0,
2024-02-26 21:00:00,181.367,181.747,181.316,181.473,0,0,
2024-02-26 22:00:00,181.486,181.596,181.06,181.316,0,2,"712,713"
2024-02-26 23:00:00,,,,,0,2,"710,711"
2024-02-27 00:00:00,,,,,0,0,
2024-02-27 01:00:00,,,,,0,0,
2024-02-27 02:00:00,,,,,0,0,
2024-02-27 03:00:00,,,,,0,0,
2024-02-27 04:00:00,,,,,0,0,
2024-02-27 05:00:00,,,,,0,0,
2024-02-27 06:00:00,,,,,0,2,"708,709"
2024-02-27 07:00:00,,,,,0,0,
2024-02-27 08:00:00,,,,,0,0,
2024-02-27 09:00:00,,,,,0,0,
2024-02-27 10:00:00,,,,,0,0,
2024-02-27 11:00:00,,,,,0,1,707
2024-02-27 12:00:00,,,,,0,1,706
2024-02-27 13:00:00,,,,,0,0,
2024-02-27 14:00:00,,,,,0,0,
2024-02-27 15:00:00,,,,,0,0,
2024-02-27 16:00:00,180.846,180.967,180.282,180.917,0,0,
2024-02-27 17:00:00,180.867,181.648,180.682,181.067,0,1,705
2024-02-27 18:00:00,181.067,181.107,180.701,180.827,0,1,704
2024-02-27 19:00:00,180.817,180.998,180.132,180.176,0,3,"701,702,703"
2024-02-27 20:00:00,180.176,180.457,179.996,180.432,0,1,700
2024-02-27 21:00:00,180.442,183.867,180.412,182.937,0,4,"696,697,698,699"
2024-02-27 22:00:00,182.946,182.978,182.132,182.517,0,0,
2024-02-27 23:00:00,,,,,0,3,"693,694,695"
2024-02-28 00:00:00,,,,,0,1,692
2024-02-28 01:00:00,,,,,0,0,
2024-02-28 02:00:00,,,,,0,0,
2024-02-28 03:00:00,,,,,0,1,691
2024-02-28 04:00:00,,,,,0,0,
2024-02-28 05:00:00,,,,,0,0,
2024-02-28 06:00:00,,,,,0,0,
2024-02-28 07:00:00,,,,,0,0,
2024-02-28 08:00:00,,,,,0,0,
2024-02-28 09:00:00,,,,,0,1,690
2024-02-28 10:00:00,,,,,0,2,"688,689"
2024-02-28 11:00:00,,,,,0,1,687
2024-02-28 12:00:00,,,,,0,2,"685,686"
2024-02-28 13:00:00,,,,,0,1,684
2024-02-28 14:00:00,,,,,0,2,"682,683"
2024-02-28 15:00:00,,,,,0,1,681
2024-02-28 16:00:00,181.785,182.335,181.115,181.279,0,1,680
2024-02-28 17:00:00,181.253,181.869,180.943,181.285,0,4,"676,677,678,679"
2024-02-28 18:00:00,181.285,181.739,181.13,181.225,0,1,675
2024-02-28 19:00:00,181.225,181.385,180.165,180.195,0,0,
2024-02-28 20:00:00,180.195,180.859,180.113,180.856,0,0,
2024-02-28 21:00:00,180.863,180.909,180.333,180.693,0,0,
2024-02-28 22:00:00,180.696,181.289,180.523,180.973,0,0,
2024-02-28 23:00:00,,,,,0,1,674
2024-02-29 00:00:00,,,,,0,0,
2024-02-29 01:00:00,,,,,0,0,
2024-02-29 02:00:00,,,,,0,0,
2024-02-29 03:00:00,,,,,0,0,
2024-02-29 04:00:00,,,,,0,0,
2024-02-29 05:00:00,,,,,0,0,
2024-02-29 06:00:00,,,,,0,0,
2024-02-29 07:00:00,,,,,0,1,673
2024-02-29 08:00:00,,,,,0,0,
2024-02-29 09:00:00,,,,,0,1,672
2024-02-29 10:00:00,,,,,0,2,"670,671"
2024-02-29 11:00:00,,,,,0,1,669
2024-02-29 12:00:00,,,,,0,2,"667,668"
2024-02-29 13:00:00,,,,,0,1,666
2024-02-29 14:00:00,,,,,0,2,"664,665"
2024-02-29 15:00:00,,,,,0,0,
2024-02-29 16:00:00,,,,,0,1,663
2024-02-29 17:00:00,,,,,0,0,
2024-02-29 18:00:00,,,,,0,0,
2024-02-29 19:00:00,,,,,0,3,"660,661,662"
2024-02-29 20:00:00,,,,,0,2,"658,659"
2024-02-29 21:00:00,,,,,0,0,
2024-02-29 22:00:00,,,,,0,0,
2024-02-29 23:00:00,,,,,0,0,
2024-03-01 00:00:00,,,,,0,0,
2024-03-01 01:00:00,,,,,0,0,
2024-03-01 02:00:00,,,,,0,0,
2024-03-01 03:00:00,,,,,0,0,
2024-03-01 04:00:00,,,,,0,1,1547
2024-03-01 05:00:00,,,,,0,0,
2024-03-01 06:00:00,,,,,0,0,
2024-03-01 07:00:00,,,,,0,0,
2024-03-01 08:00:00,,,,,0,0,
2024-03-01 09:00:00,,,,,0,0,
2024-03-01 10:00:00,,,,,0,0,
2024-03-01 11:00:00,,,,,0,2,"1545,1546"
2024-03-01 12:00:00,,,,,0,4,"1541,1542,1543,1544"
2024-03-01 13:00:00,,,,,0,0,
2024-03-01 14:00:00,,,,,0,2,"1539,1540"
2024-03-01 15:00:00,,,,,0,1,1538
2024-03-01 16:00:00,180.299,180.419,179.053,179.209,0,1,1537
2024-03-01 17:00:00,179.219,179.879,177.654,178.289,0,3,"1534,1535,1536"
2024-03-01 18:00:00,178.283,178.459,177.709,177.922,0,3,"1531,1532,1533"
2024-03-01 19:00:00,177.922,178.649,177.373,178.507,0,0,
2024-03-01 20:00:00,178.503,179.379,178.313,179.149,0,0,
2024-03-01 21:00:00,179.859,180.073,179.859,179.997,0,0,
2024-03-01 22:00:00,179.995,179.999,179.403,179.773,0,0,
2024-03-01 23:00:00,,,,,0,0,
2024-03-02 00:00:00,,,,,0,0,
2024-03-02 01:00:00,,,,,0,0,
2024-03-02 02:00:00,,,,,0,0,
2024-03-02 03:00:00,,,,,0,0,
2024-03-02 04:00:00,,,,,0,0,
2024-03-02 05:00:00,,,,,0,0,
2024-03-02 06:00:00,,,,,0,0,
2024-03-02 07:00:00,,,,,0,0,
2024-03-02 08:00:00,,,,,0,0,
2024-03-02 09:00:00,,,,,0,2,"1529,1530"
2024-03-02 10:00:00,,,,,0,0,
2024-03-02 11:00:00,,,,,0,2,"1527,1528"
2024-03-02 12:00:00,,,,,0,0,
2024-03-02 13:00:00,,,,,0,1,1526
2024-03-02 14:00:00,,,,,0,2,"1524,1525"
2024-03-02 15:00:00,,,,,0,0,
2024-03-02 16:00:00,,,,,0,1,1523
2024-03-02 17:00:00,,,,,0,0,
2024-03-02 18:00:00,,,,,0,1,1522
2024-03-02 19:00:00,,,,,0,0,
2024-03-02 20:00:00,,,,,0,0,
2024-03-02 21:00:00,,,,,0,0,
2024-03-02 22:00:00,,,,,0,0,
2024-03-02 23:00:00,,,,,0,0,
2024-03-03 00:00:00,,,,,0,0,
2024-03-03 01:00:00,,,,,0,0,
2024-03-03 02:00:00,,,,,0,0,
2024-03-03 03:00:00,,,,,0,0,
2024-03-03 04:00:00,,,,,0,0,
2024-03-03 05:00:00,,,,,0,0,
2024-03-03 06:00:00,,,,,0,0,
2024-03-03 07:00:00,,,,,0,0,
2024-03-03 08:00:00,,,,,0,0,
2024-03-03 09:00:00,,,,,0,1,1521
2024-03-03 10:00:00,,,,,0,2,"1519,1520"
2024-03-03 11:00:00,,,,,0,0,
2024-03-03 12:00:00,,,,,0,0,
2024-03-03 13:00:00,,,,,0,1,1518
2024-03-03 14:00:00,,,,,0,0,
2024-03-03 15:00:00,,,,,0,1,1517
2024-03-03 16:00:00,,,,,0,0,
2024-03-03 17:00:00,,,,,0,1,1516
2024-03-03 18:00:00,,,,,0,0,
2024-03-03 19:00:00,,,,,0,0,
2024-03-03 20:00:00,,,,,0,0,
2024-03-03 21:00:00,,,,,0,0,
2024-03-03 22:00:00,,,,,0,0,
2024-03-03 23:00:00,,,,,0,0,
2024-03-04 00:00:00,,,,,0,0,
2024-03-04 01:00:00,,,,,0,0,
2024-03-04 02:00:00,,,,,0,1,1515
2024-03-04 03:00:00,,,,,0,0,
2024-03-04 04:00:00,,,,,0,1,1514
2024-03-04 05:00:00,,,,,0,1,1513
2024-03-04 06:00:00,,,,,0,0,
2024-03-04 07:00:00,,,,,0,0,
2024-03-04 08:00:00,,,,,0,0,
2024-03-04 09:00:00,,,,,0,1,1512
2024-03-04 10:00:00,,,,,0,0,
2024-03-04 11:00:00,,,,,0,2,"1510,1511"
2024-03-04 12:00:00,,,,,0,3,"1507,1508,1509"
2024-03-04 13:00:00,,,,,0,1,1506
2024-03-04 14:00:00,,,,,0,0,
2024-03-04 15:00:00,,,,,0,4,"1502,1503,1504,1505"
2024-03-04 16:00:00,176.594,176.608,174.618,174.948,0,2,"1500,1501"
2024-03-04 17:00:00,174.938,174.978,173.898,174.788,0,3,"1497,1498,1499"
2024-03-04 18:00:00,174.788,174.994,174.081,174.104,0,0,
2024-03-04 19:00:00,174.091,174.684,173.991,174.031,0,0,
2024-03-04 20:00:00,174.044,174.494,173.778,174.188,0,0,
2024-03-04 21:00:00,174.194,175.634,173.961,175.314,0,3,"1494,1495,1496"
2024-03-04 22:00:00,175.314,175.464,174.938,175.184,0,0,
2024-03-04 23:00:00,,,,,0,0,
2024-03-05 00:00:00,,,,,0,0,
2024-03-05 01:00:00,,,,,0,0,
2024-03-05 02:00:00,,,,,0,0,
2024-03-05 03:00:00,,,,,0,0,
2024-03-05 04:00:00,,,,,0,0,
2024-03-05 05:00:00,,,,,0,1,1493
2024-03-05 06:00:00,,,,,0,1,1492
2024-03-05 07:00:00,,,,,0,2,"1490,1491"
2024-03-05 08:00:00,,,,,0,0,
2024-03-05 09:00:00,,,,,0,0,
2024-03-05 10:00:00,,,,,0,1,1489
2024-03-05 11:00:00,,,,,0,3,"1486,1487,1488"
2024-03-05 12:00:00,,,,,0,1,1485
2024-03-05 13:00:00,,,,,0,1,1484
2024-03-05 14:00:00,,,,,0,1,1483
2024-03-05 15:00:00,,,,,0,0,
2024-03-05 16:00:00,171.571,171.711,170.064,170.471,0,3,"1480,1481,1482"
2024-03-05 17:00:00,170.464,170.981,169.651,170.382,0,2,"1478,1479"
2024-03-05 18:00:00,170.382,170.795,169.841,170.241,0,2,"1476,1477"
2024-03-05 19:00:00,170.244,170.881,170.104,170.283,0,2,"1474,1475"
2024-03-05 20:00:00,170.272,170.741,169.971,169.974,0,1,1473
2024-03-05 21:00:00,169.974,170.364,169.784,170.034,0,1,1472
2024-03-05 22:00:00,170.034,170.234,169.792,170.032,0,2,"1470,1471"
2024-03-05 23:00:00,,,,,0,0,
2024-03-06 00:00:00,,,,,0,0,
2024-03-06 01:00:00,,,,,0,0,
2024-03-06 02:00:00,,,,,0,0,
2024-03-06 03:00:00,,,,,0,0,
2024-03-06 04:00:00,,,,,0,0,
2024-03-06 05:00:00,,,,,0,1,1469
2024-03-06 06:00:00,,,,,0,0,
2024-03-06 07:00:00,,,,,0,0,
2024-03-06 08:00:00,,,,,0,0,
2024-03-06 09:00:00,,,,,0,1,1468
2024-03-06 10:00:00,,,,,0,1,1467
2024-03-06 11:00:00,,,,,0,1,1466
2024-03-06 12:00:00,,,,,0,0,
2024-03-06 13:00:00,,,,,0,0,
2024-03-06 14:00:00,,,,,0,0,
2024-03-06 15:00:00,,,,,0,0,
2024-03-06 16:00:00,169.885,170.244,168.934,169.815,0,4,"1462,1463,1464,1465"
2024-03-06 17:00:00,169.725,170.017,168.961,169.524,0,1,1461
2024-03-06 18:00:00,169.537,169.988,169.292,169.724,0,1,1460
2024-03-06 19:00:00,169.734,170.337,169.692,170.117,0,1,1459
2024-03-06 20:00:00,170.105,170.207,169.012,169.365,0,0,
2024-03-06 21:00:00,169.365,169.365,168.674,168.815,0,0,
2024-03-06 22:00:00,168.795,169.368,168.726,169.212,0,0,
2024-03-06 23:00:00,,,,,0,0,
2024-03-07 00:00:00,,,,,0,0,
2024-03-07 01:00:00,,,,,0,0,
2024-03-07 02:00:00,,,,,0,0,
2024-03-07 03:00:00,,,,,0,0,
2024-03-07 04:00:00,,,,,0,1,1458
2024-03-07 05:00:00,,,,,0,0,
2024-03-07 06:00:00,,,,,0,1,1457
2024-03-07 07:00:00,,,,,0,0,
2024-03-07 08:00:00,,,,,0,1,1456
2024-03-07 09:00:00,,,,,0,2,"1454,1455"
2024-03-07 10:00:00,,,,,0,0,
2024-03-07 11:00:00,,,,,0,2,"1452,1453"
2024-03-07 12:00:00,,,,,0,1,1451
2024-03-07 13:00:00,,,,,0,0,
2024-03-07 14:00:00,,,,,0,1,1450
2024-03-07 15:00:00,,,,,0,0,
2024-03-07 16:00:00,169.657,169.742,168.478,169.698,0,1,1449
2024-03-07 17:00:00,169.702,169.708,168.593,168.762,0,0,
2024-03-07 18:00:00,168.76,169.509,168.602,169.192,0,0,
2024-03-07 19:00:00,169.203,169.582,168.973,169.097,0,1,1448
2024-03-07 20:00:00,169.1,170.572,168.981,170.55,0,2,"1446,1447"
2024-03-07 21:00:00,170.542,170.712,169.748,170.22,0,1,1445
2024-03-07 22:00:00,170.22,170.22,168.997,169.26,0,1,1444
2024-03-07 23:00:00,,,,,0,0,
2024-03-08 00:00:00,,,,,0,0,
2024-03-08 01:00:00,,,,,0,0,
2024-03-08 02:00:00,,,,,0,0,
2024-03-08 03:00:00,,,,,0,0,
2024-03-08 04:00:00,,,,,0,0,
2024-03-08 05:00:00,,,,,0,0,
2024-03-08 06:00:00,,,,,0,1,1443
2024-03-08 07:00:00,,,,,0,0,
2024-03-08 08:00:00,,,,,0,0,
2024-03-08 09:00:00,,,,,0,1,1442
2024-03-08 10:00:00,,,,,0,2,"1440,1441"
2024-03-08 11:00:00,,,,,0,0,
2024-03-08 12:00:00,,,,,0,1,1439
2024-03-08 13:00:00,,,,,0,0,
2024-03-08 14:00:00,,,,,0,2,"1437,1438"
2024-03-08 15:00:00,,,,,0,1,1436
2024-03-08 16:00:00,169.459,170.849,169.369,170.759,0,2,"1434,1435"
2024-03-08 17:00:00,170.722,171.889,170.634,171.359,0,0,
2024-03-08 18:00:00,171.347,172.452,170.941,171.479,0,1,1433
2024-03-08 19:00:00,171.459,172.779,171.347,171.821,0,2,"1431,1432"
2024-03-08 20:00:00,171.817,172.479,171.697,172.412,0,1,1430
2024-03-08 21:00:00,172.411,173.689,172.381,172.709,0,0,
2024-03-08 22:00:00,172.689,172.959,171.027,171.329,0,1,1429
2024-03-08 23:00:00,,,,,0,0,
2024-03-09 00:00:00,,,,,0,0,
2024-03-09 01:00:00,,,,,0,0,
2024-03-09 02:00:00,,,,,0,0,
2024-03-09 03:00:00,,,,,0,0,
2024-03-09 04:00:00,,,,,0,0,
2024-03-09 05:00:00,,,,,0,0,
2024-03-09 06:00:00,,,,,0,0,
2024-03-09 07:00:00,,,,,0,0,
2024-03-09 08:00:00,,,,,0,0,
2024-03-09 09:00:00,,,,,0,0,
2024-03-09 10:00:00,,,,,0,0,
2024-03-09 11:00:00,,,,,0,1,1428
2024-03-09 12:00:00,,,,,0,0,
2024-03-09 13:00:00,,,,,0,2,"1426,1427"
2024-03-09 14:00:00,,,,,0,0,
2024-03-09 15:00:00,,,,,0,0,
2024-03-09 16:00:00,,,,,0,0,
2024-03-09 17:00:00,,,,,0,1,1425
2024-03-09 18:00:00,,,,,0,0,
2024-03-09 19:00:00,,,,,0,0,
2024-03-09 20:00:00,,,,,0,0,
2024-03-09 21:00:00,,,,,0,0,
2024-03-09 22:00:00,,,,,0,0,
2024-03-09 23:00:00,,,,,0,0,
2024-03-10 00:00:00,,,,,0,0,
2024-03-10 01:00:00,,,,,0,0,
2024-03-10 02:00:00,,,,,0,0,
2024-03-10 03:00:00,,,,,0,0,
2024-03-10 04:00:00,,,,,0,0,
2024-03-10 05:00:00,,,,,0,0,
2024-03-10 06:00:00,,,,,0,0,
2024-03-10 07:00:00,,,,,0,1,1424
2024-03-10 08:00:00,,,,,0,0,
2024-03-10 09:00:00,,,,,0,0,
2024-03-10 10:00:00,,,,,0,1,1423
2024-03-10 11:00:00,,,,,0,1,1422
2024-03-10 12:00:00,,,,,0,2,"1420,1421"
2024-03-10 13:00:00,,,,,0,0,
2024-03-10 14:00:00,,,,,0,1,1419
2024-03-10 15:00:00,,,,,0,0,
2024-03-10 16:00:00,,,,,0,0,
2024-03-10 17:00:00,,,,,0,0,
2024-03-10 18:00:00,,,,,0,0,
2024-03-10 19:00:00,,,,,0,0,
2024-03-10 20:00:00,,,,,0,0,
2024-03-10 21:00:00,,,,,0,0,
2024-03-10 22:00:00,,,,,0,0,
2024-03-10 23:00:00,,,,,0,0,
2024-03-11 00:00:00,,,,,0,0,
2024-03-11 01:00:00,,,,,0,1,1418
2024-03-11 02:00:00,,,,,0,0,
2024-03-11 03:00:00,,,,,0,0,
2024-03-11 04:00:00,,,,,0,1,1417
2024-03-11 05:00:00,,,,,0,1,1416
2024-03-11 06:00:00,,,,,0,1,1415
2024-03-11 07:00:00,,,,,0,1,1414
2024-03-11 08:00:00,,,,,0,1,1413
2024-03-11 09:00:00,,,,,0,2,"1411,1412"
2024-03-11 10:00:00,,,,,0,2,"1409,1410"
2024-03-11 11:00:00,,,,,0,0,
2024-03-11 12:00:00,,,,,0,1,1408
2024-03-11 13:00:00,,,,,0,0,
2024-03-11 14:00:00,,,,,0,0,
2024-03-11 15:00:00,,,,,0,1,1407
2024-03-11 16:00:00,173.483,174.333,172.881,173.773,0,1,1406
2024-03-11 17:00:00,173.762,173.973,172.276,172.467,0,0,
2024-03-11 18:00:00,172.456,173.313,172.283,173.036,0,1,1405
2024-03-11 19:00:00,173.037,173.143,172.536,172.591,0,1,1404
2024-03-11 20:00:00,172.593,173.373,172.033,172.593,0,0,
2024-03-11 21:00:00,172.591,172.873,172.346,172.863,0,0,
2024-03-11 22:00:00,172.847,173.053,172.412,172.591,0,0,
2024-03-11 23:00:00,,,,,0,0,
2024-03-12 00:00:00,,,,,0,0,
2024-03-12 01:00:00,,,,,0,0,
2024-03-12 02:00:00,,,,,0,0,
2024-03-12 03:00:00,,,,,0,0,
2024-03-12 04:00:00,,,,,0,0,
2024-03-12 05:00:00,,,,,0,0,
2024-03-12 06:00:00,,,,,0,0,
2024-03-12 07:00:00,,,,,0,0,
2024-03-12 08:00:00,,,,,0,0,
2024-03-12 09:00:00,,,,,0,0,
2024-03-12 10:00:00,,,,,0,0,
2024-03-12 11:00:00,,,,,0,0,
2024-03-12 12:00:00,,,,,0,5,"1399,1400,1401,1402,1403"
2024-03-12 13:00:00,,,,,0,0,
2024-03-12 14:00:00,,,,,0,0,
2024-03-12 15:00:00,,,,,0,2,"1397,1398"
2024-03-12 16:00:00,172.664,172.734,171.004,171.456,0,1,1396
2024-03-12 17:00:00,171.464,172.879,171.449,172.594,0,0,
2024-03-12 18:00:00,172.639,172.889,172.299,172.564,0,2,"1394,1395"
2024-03-12 19:00:00,172.564,173.074,171.949,172.516,0,0,
2024-03-12 20:00:00,172.508,173.469,172.414,173.246,0,0,
2024-03-12 21:00:00,173.246,173.939,173.166,173.714,0,0,
2024-03-12 22:00:00,173.714,174.006,173.416,173.449,0,0,
2024-03-12 23:00:00,,,,,0,0,
2024-03-13 00:00:00,,,,,0,0,
2024-03-13 01:00:00,,,,,0,0,
2024-03-13 02:00:00,,,,,0,0,
2024-03-13 03:00:00,,,,,0,1,1393
2024-03-13 04:00:00,,,,,0,0,
2024-03-13 05:00:00,,,,,0,1,1392
2024-03-13 06:00:00,,,,,0,0,
2024-03-13 07:00:00,,,,,0,0,
2024-03-13 08:00:00,,,,,0,0,
2024-03-13 09:00:00,,,,,0,0,
2024-03-13 10:00:00,,,,,0,0,
2024-03-13 11:00:00,,,,,0,0,
2024-03-13 12:00:00,,,,,0,0,
2024-03-13 13:00:00,,,,,0,0,
2024-03-13 14:00:00,,,,,0,0,
2024-03-13 15:00:00,,,,,0,3,"1389,1390,1391"
2024-03-13 16:00:00,172.79,172.83,171.55,171.63,0,0,
2024-03-13 17:00:00,171.63,171.68,170.74,171.01,0,1,1388
2024-03-13 18:00:00,171.02,171.19,170.84,171.02,0,0,
2024-03-13 19:00:00,171.02,171.12,170.83,170.99,0,1,1387
2024-03-13 20:00:00,170.98,171.51,170.98,171.48,0,1,1386
2024-03-13 21:00:00,171.47,171.79,171.42,171.63,0,0,
2024-03-13 22:00:00,171.63,171.72,171.02,171.28,0,0,
2024-03-13 23:00:00,,,,,0,0,
2024-03-14 00:00:00,,,,,0,0,
2024-03-14 01:00:00,,,,,0,0,
2024-03-14 02:00:00,,,,,0,0,
2024-03-14 03:00:00,,,,,0,0,
2024-03-14 04:00:00,,,,,0,0,
2024-03-14 05:00:00,,,,,0,0,
2024-03-14 06:00:00,,,,,0,1,1385
2024-03-14 07:00:00,,,,,0,1,1384
2024-03-14 08:00:00,,,,,0,0,
2024-03-14 09:00:00,,,,,0,0,
2024-03-14 10:00:00,,,,,0,3,"1381,1382,1383"
2024-03-14 11:00:00,,,,,0,1,1380
2024-03-14 12:00:00,,,,,0,0,
2024-03-14 13:00:00,,,,,0,3,"1377,1378,1379"
2024-03-14 14:00:00,,,,,0,0,
2024-03-14 15:00:00,,,,,0,0,
2024-03-14 16:00:00,172.81,173.25,172.27,172.77,0,0,
2024-03-14 17:00:00,172.77,173.86,172.36,173.8,0,3,"1374,1375,1376"
2024-03-14 18:00:00,173.82,174.28,173.03,173.17,0,0,
2024-03-14 19:00:00,173.17,173.34,172.27,172.35,0,0,
2024-03-14 20:00:00,172.36,173.81,172.21,173.67,0,0,
2024-03-14 21:00:00,173.68,173.98,172.86,172.9,0,1,1373
2024-03-14 22:00:00,172.9,173.24,172.2,173.07,0,0,
2024-03-14 23:00:00,,,,,0,0,
2024-03-15 00:00:00,,,,,0,0,
2024-03-15 01:00:00,,,,,0,1,1372
2024-03-15 02:00:00,,,,,0,0,
2024-03-15 03:00:00,,,,,0,0,
2024-03-15 04:00:00,,,,,0,0,
2024-03-15 05:00:00,,,,,0,0,
2024-03-15 06:00:00,,,,,0,0,
2024-03-15 07:00:00,,,,,0,0,
2024-03-15 08:00:00,,,,,0,1,1371
2024-03-15 09:00:00,,,,,0,1,1370
2024-03-15 10:00:00,,,,,0,0,
2024-03-15 11:00:00,,,,,0,0,
2024-03-15 12:00:00,,,,,0,2,"1368,1369"
2024-03-15 13:00:00,,,,,0,1,1367
2024-03-15 14:00:00,,,,,0,0,
2024-03-15 15:00:00,,,,,0,2,"1365,1366"
2024-03-15 16:00:00,171.7,171.85,171.26,171.42,0,1,1364
2024-03-15 17:00:00,171.41,171.56,170.29,170.67,0,0,
2024-03-15 18:00:00,170.7,171.14,170.58,170.96,0,2,"1362,1363"
2024-03-15 19:00:00,170.96,171.49,170.64,170.68,0,1,1361
2024-03-15 20:00:00,170.68,171.12,170.5,171.09,0,1,1360
2024-03-15 21:00:00,171.09,171.5,170.78,171.5,0,0,
2024-03-15 22:00:00,171.5,171.98,171.45,171.91,0,0,
2024-03-15 23:00:00,,,,,0,0,
2024-03-16 00:00:00,,,,,0,0,
2024-03-16 01:00:00,,,,,0,0,
2024-03-16 02:00:00,,,,,0,0,
2024-03-16 03:00:00,,,,,0,0,
2024-03-16 04:00:00,,,,,0,1,1359
2024-03-16 05:00:00,,,,,0,0,
2024-03-16 06:00:00,,,,,0,0,
2024-03-16 07:00:00,,,,,0,0,
2024-03-16 08:00:00,,,,,0,0,
2024-03-16 09:00:00,,,,,0,0,
2024-03-16 10:00:00,,,,,0,0,
2024-03-16 11:00:00,,,,,0,0,
2024-03-16 12:00:00,,,,,0,2,"1357,1358"
2024-03-16 13:00:00,,,,,0,1,1356
2024-03-16 14:00:00,,,,,0,2,"1354,1355"
2024-03-16 15:00:00,,,,,0,1,1353
2024-03-16 16:00:00,,,,,0,0,
2024-03-16 17:00:00,,,,,0,0,
2024-03-16 18:00:00,,,,,0,1,1352
2024-03-16 19:00:00,,,,,0,2,"1350,1351"
2024-03-16 20:00:00,,,,,0,1,1349
2024-03-16 21:00:00,,,,,0,0,
2024-03-16 22:00:00,,,,,0,0,
2024-03-16 23:00:00,,,,,0,0,
2024-03-17 00:00:00,,,,,0,0,
2024-03-17 01:00:00,,,,,0,0,
2024-03-17 02:00:00,,,,,0,0,
2024-03-17 03:00:00,,,,,0,0,
2024-03-17 04:00:00,,,,,0,0,
2024-03-17 05:00:00,,,,,0,0,
2024-03-17 06:00:00,,,,,0,1,1348
2024-03-17 07:00:00,,,,,0,0,
2024-03-17 08:00:00,,,,,0,0,
2024-03-17 09:00:00,,,,,0,0,
2024-03-17 10:00:00,,,,,0,0,
2024-03-17 11:00:00,,,,,0,0,
2024-03-17 12:00:00,,,,,0,0,
2024-03-17 13:00:00,,,,,0,0,
2024-03-17 14:00:00,,,,,0,1,1347
2024-03-17 15:00:00,,,,,0,0,
2024-03-17 16:00:00,,,,,0,0,
2024-03-17 17:00:00,,,,,0,1,1346
2024-03-17 18:00:00,,,,,0,0,
2024-03-17 19:00:00,,,,,0,0,
2024-03-17 20:00:00,,,,,0,0,
2024-03-17 21:00:00,,,,,0,2,"1344,1345"
2024-03-17 22:00:00,,,,,0,0,
2024-03-17 23:00:00,,,,,0,0,
2024-03-18 00:00:00,,,,,0,0,
2024-03-18 01:00:00,,,,,0,0,
2024-03-18 02:00:00,,,,,0,0,
2024-03-18 03:00:00,,,,,0,0,
2024-03-18 04:00:00,,,,,0,0,
2024-03-18 05:00:00,,,,,0,2,"1342,1343"
2024-03-18 06:00:00,,,,,0,1,1341
2024-03-18 07:00:00,,,,,0,0,
2024-03-18 08:00:00,,,,,0,0,
2024-03-18 09:00:00,,,,,0,1,1340
2024-03-18 10:00:00,,,,,0,3,"1337,1338,1339"
2024-03-18 11:00:00,,,,,0,0,
2024-03-18 12:00:00,,,,,0,1,1336
2024-03-18 13:00:00,,,,,0,0,
2024-03-18 14:00:00,,,,,0,0,
2024-03-18 15:00:00,,,,,0,2,"1334,1335"
2024-03-18 16:00:00,175.85,177.55,175.83,176.71,0,3,"1331,1332,1333"
2024-03-18 17:00:00,176.74,177.68,176.56,177.16,0,0,
2024-03-18 18:00:00,177.15,177.31,175.58,175.63,0,2,"1329,1330"
2024-03-18 19:00:00,175.6,175.63,175.06,175.06,0,1,1328
2024-03-18 20:00:00,175.06,175.43,174.72,175.1,0,0,
2024-03-18 21:00:00,175.1,175.52,174.8,174.95,0,1,1327
2024-03-18 22:00:00,174.95,175.16,174.02,174.07,0,0,
2024-03-18 23:00:00,,,,,0,0,
2024-03-19 00:00:00,,,,,0,0,
2024-03-19 01:00:00,,,,,0,0,
2024-03-19 02:00:00,,,,,0,0,
2024-03-19 03:00:00,,,,,0,0,
2024-03-19 04:00:00,,,,,0,0,
2024-03-19 05:00:00,,,,,0,0,
2024-03-19 06:00:00,,,,,0,0,
2024-03-19 07:00:00,,,,,0,1,1326
2024-03-19 08:00:00,,,,,0,1,1325
2024-03-19 09:00:00,,,,,0,3,"1322,1323,1324"
2024-03-19 10:00:00,,,,,0,1,1321
2024-03-19 11:00:00,,,,,0,0,
2024-03-19 12:00:00,,,,,0,0,
2024-03-19 13:00:00,,,,,0,0,
2024-03-19 14:00:00,,,,,0,0,
2024-03-19 15:00:00,,,,,0,0,
2024-03-19 16:00:00,173.44,174.47,173.03,174.44,0,2,"1319,1320"
2024-03-19 17:00:00,174.43,175.35,174.42,174.87,0,2,"1317,1318"
2024-03-19 18:00:00,174.87,175.39,174.64,175.19,0,1,1316
2024-03-19 19:00:00,175.19,175.45,174.87,175.31,0,0,
2024-03-19 20:00:00,175.31,176.1,175.31,176.1,0,1,1315
2024-03-19 21:00:00,176.1,176.59,176.05,176.2,0,0,
2024-03-19 22:00:00,176.2,176.51,175.98,176.23,0,0,
2024-03-19 23:00:00,,,,,0,1,1314
2024-03-20 00:00:00,,,,,0,0,
2024-03-20 01:00:00,,,,,0,1,1313
2024-03-20 02:00:00,,,,,0,0,
2024-03-20 03:00:00,,,,,0,1,1312
2024-03-20 04:00:00,,,,,0,1,1311
2024-03-20 05:00:00,,,,,0,0,
2024-03-20 06:00:00,,,,,0,0,
2024-03-20 07:00:00,,,,,0,0,
2024-03-20 08:00:00,,,,,0,0,
2024-03-20 09:00:00,,,,,0,0,
2024-03-20 10:00:00,,,,,0,1,1310
2024-03-20 11:00:00,,,,,0,0,
2024-03-20 12:00:00,,,,,0,1,1309
2024-03-20 13:00:00,,,,,0,1,1308
2024-03-20 14:00:00,,,,,0,1,1307
2024-03-20 15:00:00,,,,,0,2,"1305,1306"
2024-03-20 16:00:00,175.3,175.95,175.07,175.66,0,0,
2024-03-20 17:00:00,175.66,176.35,175.58,175.88,0,0,
2024-03-20 18:00:00,175.9,176.18,175.7,176.14,0,1,1304
2024-03-20 19:00:00,176.13,176.75,176.03,176.66,0,0,
2024-03-20 20:00:00,176.68,176.76,176.26,176.59,0,1,1303
2024-03-20 21:00:00,176.61,178.22,176.56,177.94,0,2,"1301,1302"
2024-03-20 22:00:00,177.95,178.4,177.78,177.94,0,2,"1299,1300"
2024-03-20 23:00:00,,,,,0,0,
2024-03-21 00:00:00,,,,,0,1,1298
2024-03-21 01:00:00,,,,,0,0,
2024-03-21 02:00:00,,,,,0,0,
2024-03-21 03:00:00,,,,,0,0,
2024-03-21 04:00:00,,,,,0,0,
2024-03-21 05:00:00,,,,,0,0,
2024-03-21 06:00:00,,,,,0,0,
2024-03-21 07:00:00,,,,,0,0,
2024-03-21 08:00:00,,,,,0,0,
2024-03-21 09:00:00,,,,,0,3,"1295,1296,1297"
2024-03-21 10:00:00,,,,,0,1,1294
2024-03-21 11:00:00,,,,,0,2,"1292,1293"
2024-03-21 12:00:00,,,,,0,1,1291
2024-03-21 13:00:00,,,,,0,1,1290
2024-03-21 14:00:00,,,,,0,0,
2024-03-21 15:00:00,,,,,0,0,
2024-03-21 16:00:00,176.71,177.46,175.98,176.04,0,1,1289
2024-03-21 17:00:00,176.02,176.16,172.57,172.6,0,0,
2024-03-21 18:00:00,172.57,173.22,171.81,171.96,0,3,"1286,1287,1288"
2024-03-21 19:00:00,171.96,172.58,171.84,172.12,0,0,
2024-03-21 20:00:00,172.11,172.39,171.05,171.07,0,4,"1282,1283,1284,1285"
2024-03-21 21:00:00,171.07,171.45,170.82,171.1,0,0,
2024-03-21 22:00:00,171.1,171.45,170.82,171.31,0,0,
2024-03-21 23:00:00,,,,,0,0,
2024-03-22 00:00:00,,,,,0,1,1281
2024-03-22 01:00:00,,,,,0,0,
2024-03-22 02:00:00,,,,,0,1,1280
2024-03-22 03:00:00,,,,,0,0,
2024-03-22 04:00:00,,,,,0,3,"1277,1278,1279"
2024-03-22 05:00:00,,,,,0,1,1276
2024-03-22 06:00:00,,,,,0,0,
2024-03-22 07:00:00,,,,,0,0,
2024-03-22 08:00:00,,,,,0,2,"1274,1275"
2024-03-22 09:00:00,,,,,0,4,"1270,1271,1272,1273"
2024-03-22 10:00:00,,,,,0,3,"1267,1268,1269"
2024-03-22 11:00:00,,,,,0,1,1266
2024-03-22 12:00:00,,,,,0,0,
2024-03-22 13:00:00,,,,,0,1,1265
2024-03-22 14:00:00,,,,,0,1,1264
2024-03-22 15:00:00,,,,,0,2,"1262,1263"
2024-03-22 16:00:00,170.78,171.32,170.04,171.01,0,1,1261
2024-03-22 17:00:00,171.02,172.53,170.86,171.86,0,2,"1259,1260"
2024-03-22 18:00:00,171.84,172.85,171.79,172.56,0,2,"1257,1258"
2024-03-22 19:00:00,172.56,172.86,172.06,172.61,0,0,
2024-03-22 20:00:00,172.61,172.92,172.34,172.65,0,2,"1255,1256"
2024-03-22 21:00:00,172.64,172.91,172.35,172.72,0,0,
2024-03-22 22:00:00,172.72,173.03,172.27,172.27,0,2,"1253,1254"
2024-03-22 23:00:00,,,,,0,0,
2024-03-23 00:00:00,,,,,0,0,
2024-03-23 01:00:00,,,,,0,0,
2024-03-23 02:00:00,,,,,0,0,
2024-03-23 03:00:00,,,,,0,1,1252
2024-03-23 04:00:00,,,,,0,0,
2024-03-23 05:00:00,,,,,0,0,
2024-03-23 06:00:00,,,,,0,0,
2024-03-23 07:00:00,,,,,0,1,1251
2024-03-23 08:00:00,,,,,0,2,"1249,1250"
2024-03-23 09:00:00,,,,,0,1,1248
2024-03-23 10:00:00,,,,,0,0,
2024-03-23 11:00:00,,,,,0,0,
2024-03-23 12:00:00,,,,,0,0,
2024-03-23 13:00:00,,,,,0,0,
2024-03-23 14:00:00,,,,,0,0,
2024-03-23 15:00:00,,,,,0,0,
2024-03-23 16:00:00,,,,,0,0,
2024-03-23 17:00:00,,,,,0,0,
2024-03-23 18:00:00,,,,,0,0,
2024-03-23 19:00:00,,,,,0,0,
2024-03-23 20:00:00,,,,,0,0,
2024-03-23 21:00:00,,,,,0,0,
2024-03-23 22:00:00,,,,,0,0,
2024-03-23 23:00:00,,,,,0,0,
2024-03-24 00:00:00,,,,,0,0,
2024-03-24 01:00:00,,,,,0,1,1247
2024-03-24 02:00:00,,,,,0,0,
2024-03-24 03:00:00,,,,,0,0,
2024-03-24 04:00:00,,,,,0,0,
2024-03-24 05:00:00,,,,,0,0,
2024-03-24 06:00:00,,,,,0,0,
2024-03-24 07:00:00,,,,,0,0,
2024-03-24 08:00:00,,,,,0,1,1246
2024-03-24 09:00:00,,,,,0,1,1245
2024-03-24 10:00:00,,,,,0,2,"1243,1244"
2024-03-24 11:00:00,,,,,0,1,1242
2024-03-24 12:00:00,,,,,0,2,"1240,1241"
2024-03-24 13:00:00,,,,,0,1,1239
2024-03-24 14:00:00,,,,,0,0,
2024-03-24 15:00:00,,,,,0,0,
2024-03-24 16:00:00,,,,,0,0,
2024-03-24 17:00:00,,,,,0,0,
2024-03-24 18:00:00,,,,,0,0,
2024-03-24 19:00:00,,,,,0,1,1238
2024-03-24 20:00:00,,,,,0,0,
2024-03-24 21:00:00,,,,,0,0,
2024-03-24 22:00:00,,,,,0,0,
2024-03-24 23:00:00,,,,,0,1,1237
2024-03-25 00:00:00,,,,,0,1,1236
2024-03-25 01:00:00,,,,,0,0,
2024-03-25 02:00:00,,,,,0,0,
2024-03-25 03:00:00,,,,,0,0,
2024-03-25 04:00:00,,,,,0,0,
2024-03-25 05:00:00,,,,,0,0,
2024-03-25 06:00:00,,,,,0,0,
2024-03-25 07:00:00,,,,,0,0,
2024-03-25 08:00:00,,,,,0,0,
2024-03-25 09:00:00,,,,,0,3,"1233,1234,1235"
2024-03-25 10:00:00,,,,,0,3,"1230,1231,1232"
2024-03-25 11:00:00,,,,,0,1,1229
2024-03-25 12:00:00,,,,,0,1,1228
2024-03-25 13:00:00,,,,,0,0,
2024-03-25 14:00:00,,,,,0,2,"1226,1227"
2024-03-25 15:00:00,,,,,0,2,"1224,1225"
2024-03-25 16:00:00,170.32,170.37,169.42,170.16,0,4,"1220,1221,1222,1223"
2024-03-25 17:00:00,170.16,170.59,169.75,170.51,0,2,"1218,1219"
2024-03-25 18:00:00,170.53,170.74,170.07,170.61,0,0,
2024-03-25 19:00:00,170.6,171.13,170.38,170.97,0,0,
2024-03-25 20:00:00,170.98,171.49,170.95,171.45,0,1,1217
2024-03-25 21:00:00,171.44,171.59,171.21,171.43,0,1,1216
2024-03-25 22:00:00,171.43,171.92,171.05,171.06,0,0,
2024-03-25 23:00:00,,,,,0,0,
2024-03-26 00:00:00,,,,,0,1,1215
2024-03-26 01:00:00,,,,,0,1,1214
2024-03-26 02:00:00,,,,,0,0,
2024-03-26 03:00:00,,,,,0,0,
2024-03-26 04:00:00,,,,,0,0,
2024-03-26 05:00:00,,,,,0,0,
2024-03-26 06:00:00,,,,,0,0,
2024-03-26 07:00:00,,,,,0,0,
2024-03-26 08:00:00,,,,,0,0,
2024-03-26 09:00:00,,,,,0,2,"1212,1213"
2024-03-26 10:00:00,,,,,0,0,
2024-03-26 11:00:00,,,,,0,1,1211
2024-03-26 12:00:00,,,,,0,2,"1209,1210"
2024-03-26 13:00:00,,,,,0,1,1208
2024-03-26 14:00:00,,,,,0,2,"1206,1207"
2024-03-26 15:00:00,,,,,0,0,
2024-03-26 16:00:00,169.99,170.81,169.94,170.71,0,0,
2024-03-26 17:00:00,170.7,171.04,170.35,170.63,0,3,"1203,1204,1205"
2024-03-26 18:00:00,170.62,170.85,170.42,170.56,0,1,1202
2024-03-26 19:00:00,170.55,171.24,170.53,171.03,0,0,
2024-03-26 20:00:00,171.03,171.39,170.26,170.28,0,0,
2024-03-26 21:00:00,170.27,170.56,170.14,170.52,0,1,1201
2024-03-26 22:00:00,170.53,170.67,169.8,169.86,0,0,
2024-03-26 23:00:00,,,,,0,0,
2024-03-27 00:00:00,,,,,0,0,
2024-03-27 01:00:00,,,,,0,0,
2024-03-27 02:00:00,,,,,0,0,
2024-03-27 03:00:00,,,,,0,0,
2024-03-27 04:00:00,,,,,0,0,
2024-03-27 05:00:00,,,,,0,0,
2024-03-27 06:00:00,,,,,0,0,
2024-03-27 07:00:00,,,,,0,0,
2024-03-27 08:00:00,,,,,0,1,1200
2024-03-27 09:00:00,,,,,0,1,1199
2024-03-27 10:00:00,,,,,0,1,1198
2024-03-27 11:00:00,,,,,0,0,
2024-03-27 12:00:00,,,,,0,1,1197
2024-03-27 13:00:00,,,,,0,0,
2024-03-27 14:00:00,,,,,0,2,"1195,1196"
2024-03-27 15:00:00,,,,,0,1,1194
2024-03-27 16:00:00,170.55,172.85,170.33,172.68,0,0,
2024-03-27 17:00:00,172.69,173.08,171.91,172.42,0,2,"1192,1193"
2024-03-27 18:00:00,172.42,172.74,172.03,172.03,0,1,1191
2024-03-27 19:00:00,172.04,172.32,171.84,172.14,0,0,
2024-03-27 20:00:00,172.15,172.48,171.98,172.26,0,1,1190
2024-03-27 21:00:00,172.27,172.8,172.21,172.68,0,1,1189
2024-03-27 22:00:00,172.67,173.57,172.6,173.27,0,0,
2024-03-27 23:00:00,,,,,0,0,
2024-03-28 00:00:00,,,,,0,0,
2024-03-28 01:00:00,,,,,0,0,
2024-03-28 02:00:00,,,,,0,1,1188
2024-03-28 03:00:00,,,,,0,0,
2024-03-28 04:00:00,,,,,0,0,
2024-03-28 05:00:00,,,,,0,0,
2024-03-28 06:00:00,,,,,0,0,
2024-03-28 07:00:00,,,,,0,0,
2024-03-28 08:00:00,,,,,0,1,1187
2024-03-28 09:00:00,,,,,0,0,
2024-03-28 10:00:00,,,,,0,3,"1184,1185,1186"
2024-03-28 11:00:00,,,,,0,2,"1182,1183"
2024-03-28 12:00:00,,,,,0,0,
2024-03-28 13:00:00,,,,,0,2,"1180,1181"
2024-03-28 14:00:00,,,,,0,4,"1176,1177,1178,1179"
2024-03-28 15:00:00,,,,,0,1,1175
2024-03-28 16:00:00,171.24,171.5,170.71,171.32,0,0,
2024-03-28 17:00:00,171.34,171.46,170.5,170.85,0,2,"1173,1174"
2024-03-28 18:00:00,170.82,171.13,170.55,171.08,0,1,1172
2024-03-28 19:00:00,171.09,171.32,170.71,171.3,0,2,"1170,1171"
2024-03-28 20:00:00,171.3,171.47,170.88,171.46,0,0,
2024-03-28 21:00:00,171.46,172.05,171.29,172.04,0,0,
2024-03-28 22:00:00,172.03,172.21,171.52,171.58,0,1,1169
